Snoring Rate,Respiratory Rate,Body Temperature,Limb Movement,Blood Oxygen,Eye Movement,Sleep Hours,Heart Rate,Stress Levels
0.8872727272727273,0.6914285714285714,0.4885714285714287,0.84,0.522666666666667,0.88,0.20444444444444437,0.6914285714285715,1
0.8480000000000001,0.6502857142857141,0.4680000000000004,0.7919999999999999,0.5034666666666672,0.864,0.17244444444444437,0.6502857142857144,1
0.2727272727272728,0.2857142857142857,0.7857142857142856,0.3999999999999999,0.8666666666666667,0.5555555555555556,0.7777777777777777,0.2857142857142857,0
0.7410909090909092,0.5382857142857144,0.4119999999999999,0.6613333333333332,0.45120000000000005,0.8204444444444445,0.08533333333333326,0.5382857142857144,1
0.05672727272727268,0.08914285714285719,0.9194285714285713,0.1664,0.9498666666666669,0.27733333333333343,0.9164444444444442,0.08914285714285708,0
0.21600000000000008,0.2411428571428572,0.7411428571428573,0.3583999999999999,0.8042666666666662,0.520888888888889,0.7084444444444444,0.24114285714285708,0
0.03636363636363632,0.05714285714285716,0.8714285714285714,0.10666666666666658,0.9199999999999997,0.1777777777777778,0.8666666666666665,0.05714285714285716,0
0.09090909090909094,0.14285714285714285,0.9999999999999998,0.2666666666666666,1.0,0.44444444444444453,0.9999999999999998,0.14285714285714285,0
0.005090909090909146,0.00799999999999984,0.797714285714286,0.014933333333333354,0.874133333333333,0.02488888888888885,0.7902222222222222,0.008000000000000063,0
0.19127272727272737,0.2217142857142856,0.7217142857142855,0.3402666666666665,0.777066666666667,0.505777777777778,0.6782222222222221,0.22171428571428564,0
0.5170909090909092,0.3817142857142858,0.5959999999999994,0.48959999999999987,0.6229333333333329,0.7048888888888889,0.44622222222222213,0.3817142857142857,1
0.25963636363636367,0.2754285714285715,0.7754285714285709,0.3903999999999999,0.8522666666666671,0.5475555555555557,0.7617777777777777,0.27542857142857147,0
0.06545454545454549,0.10285714285714292,0.9399999999999995,0.1919999999999999,0.9626666666666664,0.32000000000000023,0.9377777777777776,0.10285714285714287,0
0.932509090909091,0.7348571428571429,0.02571428571428569,0.8762666666666664,0.02880000000000016,0.896888888888889,0.0,0.7348571428571428,1
0.7781818181818182,0.577142857142857,0.4314285714285718,0.7066666666666666,0.46933333333333377,0.8355555555555556,0.11555555555555547,0.5771428571428572,1
0.1330909090909091,0.17599999999999988,0.6759999999999997,0.2976,0.7130666666666665,0.4702222222222222,0.607111111111111,0.1759999999999999,0
0.13890909090909093,0.18057142857142847,0.6805714285714288,0.3018666666666666,0.7194666666666668,0.4737777777777777,0.614222222222222,0.18057142857142855,0
0.7498181818181817,0.5474285714285715,0.41657142857142804,0.6719999999999999,0.45546666666666624,0.8240000000000001,0.09244444444444438,0.5474285714285713,1
0.6647272727272728,0.4582857142857143,0.3719999999999998,0.5679999999999998,0.4138666666666666,0.7893333333333333,0.023111111111111082,0.4582857142857144,1
0.3396363636363637,0.31199999999999983,0.5262857142857138,0.42453333333333326,0.5578666666666663,0.5964444444444446,0.28355555555555545,0.31200000000000006,1
0.5927272727272727,0.41142857142857153,0.625714285714286,0.5173333333333332,0.650666666666667,0.7511111111111112,0.5155555555555554,0.4114285714285716,1
0.586909090909091,0.40914285714285725,0.6234285714285709,0.5151999999999999,0.648533333333333,0.7475555555555556,0.5102222222222221,0.4091428571428569,1
0.45018181818181835,0.3554285714285713,0.5697142857142855,0.46506666666666663,0.5983999999999999,0.664,0.3848888888888888,0.3554285714285713,1
0.7825454545454548,0.5817142857142856,0.43371428571428583,0.7119999999999999,0.47146666666666687,0.8373333333333336,0.11911111111111106,0.5817142857142856,1
0.8174545454545454,0.6182857142857142,0.4520000000000001,0.7546666666666666,0.48853333333333354,0.8515555555555555,0.14755555555555555,0.6182857142857142,1
0.15781818181818186,0.19542857142857142,0.6954285714285716,0.3157333333333333,0.7402666666666666,0.4853333333333335,0.6373333333333332,0.1954285714285715,0
0.6101818181818183,0.41828571428571437,0.632571428571428,0.5237333333333333,0.6570666666666662,0.7617777777777779,0.5315555555555554,0.41828571428571426,1
0.10836363636363638,0.15657142857142853,0.6565714285714279,0.2794666666666666,0.6858666666666664,0.45511111111111124,0.5768888888888888,0.15657142857142847,0
0.9047272727272729,0.7097142857142856,0.4977142857142859,0.8613333333333333,0.5312000000000002,0.8871111111111112,0.2186666666666666,0.7097142857142857,1
0.31054545454545457,0.30057142857142843,0.5148571428571427,0.4138666666666666,0.5471999999999999,0.5786666666666669,0.25688888888888883,0.30057142857142866,1
0.07490909090909087,0.11771428571428566,0.9622857142857137,0.21973333333333328,0.976533333333333,0.36622222222222234,0.9608888888888887,0.1177142857142856,0
0.9319272727272728,0.7325714285714287,0.022857142857142354,0.8752,0.025600000000000067,0.8959999999999999,0.0,0.7325714285714285,1
0.04872727272727273,0.07657142857142851,0.9005714285714287,0.1429333333333333,0.9381333333333335,0.23822222222222228,0.8968888888888886,0.07657142857142857,0
0.9982545454545455,0.9931428571428571,0.3485714285714282,0.9968,0.39039999999999964,0.9973333333333334,0.0,0.9931428571428572,1
0.2727272727272728,0.2857142857142857,0.4999999999999999,0.3999999999999999,0.5333333333333333,0.5555555555555556,0.22222222222222215,0.2857142857142857,1
0.7585454545454546,0.5565714285714287,0.42114285714285715,0.6826666666666665,0.4597333333333334,0.8275555555555556,0.09955555555555551,0.5565714285714286,1
0.0632727272727272,0.09942857142857137,0.9348571428571422,0.18559999999999993,0.9594666666666664,0.3093333333333334,0.9324444444444442,0.09942857142857131,0
0.9732363636363639,0.8948571428571428,0.22571428571428542,0.9509333333333332,0.25280000000000014,0.9591111111111111,0.0,0.8948571428571426,1
0.020363636363636306,0.03200000000000003,0.8337142857142854,0.059733333333333305,0.8965333333333328,0.09955555555555573,0.8275555555555555,0.03199999999999992,0
0.9767272727272729,0.9085714285714284,0.24285714285714322,0.9573333333333331,0.2719999999999999,0.9644444444444447,0.0,0.9085714285714284,1
0.2901818181818182,0.29257142857142854,0.506857142857143,0.40639999999999993,0.5397333333333336,0.5662222222222224,0.23822222222222217,0.2925714285714286,1
0.3745454545454545,0.3257142857142856,0.54,0.4373333333333333,0.5706666666666668,0.6177777777777778,0.3155555555555555,0.3257142857142856,1
0.552,0.3954285714285715,0.6097142857142857,0.5023999999999998,0.6357333333333334,0.7262222222222224,0.47822222222222216,0.3954285714285715,1
0.0778181818181819,0.12228571428571422,0.9691428571428568,0.22826666666666662,0.9808000000000002,0.3804444444444446,0.9679999999999997,0.12228571428571428,0
0.5141818181818183,0.3805714285714285,0.594857142857143,0.4885333333333332,0.6218666666666669,0.7031111111111112,0.4435555555555555,0.38057142857142856,1
0.9802181818181821,0.9222857142857142,0.25999999999999995,0.9637333333333331,0.2911999999999997,0.9697777777777778,0.0,0.9222857142857143,1
0.3250909090909092,0.3062857142857143,0.5205714285714282,0.4191999999999999,0.5525333333333331,0.5875555555555556,0.27022222222222214,0.3062857142857142,1
0.9575272727272729,0.8331428571428572,0.14857142857142847,0.9221333333333332,0.16639999999999971,0.9351111111111112,0.0,0.833142857142857,1
0.2130909090909091,0.2388571428571429,0.7388571428571423,0.3562666666666665,0.801066666666667,0.5191111111111112,0.7048888888888888,0.23885714285714282,0
0.9377454545454544,0.7554285714285714,0.05142857142857138,0.8858666666666666,0.05760000000000032,0.904888888888889,0.0,0.7554285714285713,1
0.08363636363636373,0.1314285714285714,0.9828571428571431,0.24533333333333324,0.9893333333333336,0.4088888888888891,0.9822222222222221,0.13142857142857145,0
0.15636363636363643,0.19428571428571417,0.6942857142857141,0.31466666666666665,0.7386666666666666,0.48444444444444446,0.6355555555555554,0.1942857142857142,0
0.8763636363636365,0.6799999999999999,0.4828571428571431,0.8266666666666664,0.5173333333333336,0.8755555555555558,0.19555555555555548,0.6799999999999999,1
0.033454545454545515,0.0525714285714286,0.8645714285714283,0.0981333333333333,0.9157333333333336,0.16355555555555557,0.8595555555555554,0.05257142857142866,0
0.20145454545454544,0.22971428571428576,0.7297142857142851,0.3477333333333332,0.7882666666666664,0.5120000000000002,0.6906666666666665,0.22971428571428568,0
0.557818181818182,0.3977142857142858,0.6119999999999998,0.5045333333333332,0.6378666666666665,0.729777777777778,0.4835555555555555,0.39771428571428574,1
0.9552,0.8240000000000001,0.13714285714285723,0.9178666666666666,0.15360000000000018,0.9315555555555557,0.0,0.8240000000000001,1
0.869818181818182,0.673142857142857,0.47942857142857154,0.8186666666666667,0.5141333333333336,0.872888888888889,0.19022222222222215,0.6731428571428572,1
0.773818181818182,0.5725714285714284,0.4291428571428567,0.7013333333333331,0.4671999999999997,0.8337777777777777,0.11199999999999993,0.5725714285714287,1
0.24509090909090908,0.2640000000000001,0.7639999999999997,0.37973333333333326,0.8362666666666665,0.5386666666666666,0.7439999999999998,0.264,0
0.9697454545454547,0.881142857142857,0.20857142857142863,0.9445333333333332,0.23360000000000036,0.953777777777778,0.0,0.8811428571428572,1
0.656,0.4491428571428571,0.36742857142857177,0.5573333333333332,0.40960000000000035,0.7857777777777779,0.01599999999999996,0.44914285714285707,1
0.02909090909090911,0.04571428571428571,0.8542857142857136,0.08533333333333332,0.9093333333333333,0.14222222222222236,0.8488888888888888,0.04571428571428576,0
0.3018181818181819,0.29714285714285715,0.5114285714285711,0.4106666666666666,0.5439999999999998,0.5733333333333334,0.24888888888888883,0.2971428571428571,1
0.9354181818181818,0.7462857142857142,0.04000000000000015,0.8815999999999999,0.04479999999999984,0.9013333333333335,0.0,0.7462857142857143,1
0.09527272727272729,0.14628571428571413,0.6462857142857142,0.2698666666666666,0.6714666666666669,0.44711111111111124,0.5608888888888888,0.14628571428571419,0
0.08945454545454545,0.14057142857142851,0.9965714285714282,0.26239999999999997,0.9978666666666669,0.4373333333333336,0.9964444444444442,0.14057142857142862,0
0.2814545454545454,0.289142857142857,0.5034285714285714,0.4031999999999999,0.5365333333333334,0.5608888888888889,0.23022222222222213,0.28914285714285703,1
0.9842909090909091,0.9382857142857142,0.2800000000000001,0.9712,0.3135999999999996,0.9760000000000002,0.0,0.9382857142857144,1
0.05963636363636371,0.09371428571428575,0.9262857142857144,0.17493333333333327,0.9541333333333331,0.2915555555555557,0.9235555555555552,0.09371428571428575,0
0.09963636363636363,0.1497142857142857,0.6497142857142858,0.2730666666666666,0.676266666666667,0.4497777777777777,0.5662222222222222,0.14971428571428574,0
0.9307636363636362,0.728,0.017142857142856793,0.8730666666666665,0.019199999999999773,0.8942222222222223,0.0,0.728,1
0.23054545454545455,0.25257142857142867,0.7525714285714286,0.36906666666666654,0.8202666666666668,0.5297777777777779,0.7262222222222221,0.25257142857142867,0
0.002909090909090861,0.00457142857142856,0.7925714285714287,0.008533333333333282,0.8709333333333329,0.014222222222222247,0.7848888888888887,0.004571428571428504,0
0.06690909090909092,0.1051428571428572,0.9434285714285711,0.1962666666666666,0.9647999999999997,0.32711111111111113,0.9413333333333331,0.1051428571428571,0
0.963927272727273,0.8582857142857141,0.17999999999999966,0.9338666666666665,0.20160000000000006,0.9448888888888889,0.0,0.8582857142857144,1
0.9418181818181819,0.7714285714285715,0.0714285714285714,0.8933333333333331,0.08000000000000018,0.9111111111111112,0.0,0.7714285714285714,1
0.2087272727272727,0.23542857142857138,0.7354285714285718,0.35306666666666653,0.7962666666666668,0.5164444444444444,0.6995555555555555,0.23542857142857146,0
0.8196363636363637,0.6205714285714284,0.4531428571428566,0.7573333333333332,0.4895999999999996,0.8524444444444446,0.14933333333333326,0.6205714285714286,1
0.9272727272727274,0.7142857142857143,0.0,0.8666666666666666,0.0,0.8888888888888891,0.0,0.7142857142857142,1
0.1025454545454546,0.15199999999999997,0.6519999999999999,0.27519999999999994,0.6794666666666662,0.4515555555555555,0.5697777777777777,0.15200000000000002,0
0.10109090909090918,0.1508571428571427,0.6508571428571424,0.27413333333333323,0.6778666666666671,0.45066666666666677,0.568,0.1508571428571429,0
0.1621818181818182,0.19885714285714276,0.6988571428571432,0.3189333333333333,0.7450666666666668,0.48799999999999993,0.6426666666666665,0.19885714285714287,0
0.9394909090909092,0.7622857142857142,0.060000000000000275,0.8890666666666664,0.06719999999999982,0.9075555555555557,0.0,0.7622857142857145,1
0.42399999999999993,0.3451428571428572,0.5594285714285708,0.45546666666666663,0.5887999999999995,0.648,0.3608888888888888,0.3451428571428571,1
0.1796363636363637,0.21257142857142847,0.7125714285714284,0.3317333333333333,0.7642666666666665,0.4986666666666667,0.6639999999999999,0.2125714285714285,0
0.13454545454545452,0.17714285714285713,0.6771428571428573,0.29866666666666664,0.7146666666666666,0.47111111111111126,0.6088888888888888,0.1771428571428572,0
0.12000000000000005,0.1657142857142857,0.665714285714285,0.2879999999999999,0.6986666666666669,0.4622222222222222,0.591111111111111,0.16571428571428562,0
0.8632727272727274,0.6662857142857141,0.476,0.8106666666666665,0.5109333333333335,0.8702222222222222,0.1848888888888888,0.666285714285714,1
0.968,0.8742857142857141,0.1999999999999998,0.9413333333333334,0.22399999999999998,0.9511111111111111,0.0,0.8742857142857141,1
0.36581818181818193,0.3222857142857143,0.5365714285714285,0.43413333333333326,0.5674666666666667,0.6124444444444446,0.30755555555555547,0.3222857142857143,1
0.7563636363636363,0.5542857142857144,0.4199999999999996,0.6799999999999998,0.45866666666666633,0.8266666666666669,0.09777777777777769,0.5542857142857144,1
0.4181818181818182,0.34285714285714286,0.5571428571428568,0.4533333333333333,0.5866666666666664,0.6444444444444445,0.3555555555555555,0.34285714285714286,1
0.996509090909091,0.9862857142857142,0.3400000000000003,0.9935999999999998,0.38080000000000025,0.9946666666666668,0.0,0.9862857142857141,1
0.0036363636363636598,0.005714285714285561,0.7942857142857145,0.010666666666666602,0.8719999999999999,0.01777777777777767,0.7866666666666665,0.005714285714285783,0
0.330909090909091,0.30857142857142855,0.5228571428571422,0.4213333333333333,0.5546666666666662,0.591111111111111,0.27555555555555544,0.3085714285714285,1
0.9685818181818184,0.8765714285714284,0.20285714285714307,0.9423999999999999,0.22720000000000012,0.9520000000000002,0.0,0.8765714285714288,1
0.5490909090909092,0.39428571428571424,0.6085714285714282,0.5013333333333332,0.6346666666666664,0.7244444444444444,0.4755555555555555,0.3942857142857142,1
0.581090909090909,0.4068571428571429,0.6211428571428569,0.5130666666666666,0.6463999999999999,0.7440000000000002,0.5048888888888887,0.4068571428571427,1
0.6363636363636365,0.42857142857142855,0.3571428571428571,0.5333333333333332,0.4,0.7777777777777779,0.0,0.42857142857142855,1
0.9930181818181818,0.9725714285714284,0.3228571428571425,0.9871999999999999,0.3616000000000005,0.9893333333333334,0.0,0.9725714285714286,1
0.9493818181818181,0.8011428571428572,0.10857142857142826,0.9071999999999999,0.12159999999999993,0.9226666666666667,0.0,0.8011428571428572,1
0.0007272727272727431,0.0011428571428570011,0.7874285714285714,0.0021333333333333204,0.8677333333333337,0.003555555555555534,0.7795555555555554,0.0011428571428571677,0
0.9522909090909093,0.8125714285714286,0.12285714285714272,0.9125333333333331,0.13759999999999956,0.9271111111111112,0.0,0.8125714285714285,1
0.154909090909091,0.19314285714285714,0.6931428571428565,0.3136,0.7370666666666665,0.48355555555555574,0.6337777777777777,0.19314285714285706,0
0.2989090909090909,0.2959999999999999,0.5102857142857146,0.4095999999999999,0.5429333333333337,0.5715555555555556,0.24622222222222218,0.29599999999999993,1
0.31345454545454554,0.3017142857142857,0.5160000000000001,0.41493333333333327,0.5482666666666669,0.5804444444444447,0.25955555555555543,0.30171428571428577,1
0.6218181818181819,0.42285714285714293,0.6371428571428571,0.5279999999999999,0.6613333333333334,0.7688888888888888,0.5422222222222222,0.42285714285714276,1
0.9447272727272726,0.7828571428571429,0.08571428571428591,0.8986666666666666,0.09599999999999992,0.9155555555555557,0.0,0.7828571428571429,1
0.1709090909090909,0.20571428571428563,0.7057142857142853,0.3253333333333333,0.7546666666666662,0.49333333333333346,0.6533333333333332,0.2057142857142858,0
0.4356363636363636,0.34971428571428576,0.564,0.4597333333333333,0.5930666666666667,0.6551111111111113,0.3715555555555555,0.34971428571428576,1
0.9383272727272729,0.7577142857142858,0.054285714285714604,0.8869333333333331,0.06080000000000041,0.905777777777778,0.0,0.7577142857142856,1
0.04436363636363627,0.06971428571428562,0.890285714285714,0.13013333333333327,0.9317333333333333,0.21688888888888908,0.886222222222222,0.06971428571428567,0
0.8283636363636365,0.6297142857142857,0.45771428571428574,0.7679999999999998,0.4938666666666668,0.856,0.15644444444444439,0.6297142857142859,1
0.3978181818181818,0.33485714285714274,0.5491428571428572,0.44586666666666663,0.5792000000000002,0.632,0.3368888888888888,0.3348571428571428,1
0.9621818181818182,0.8514285714285715,0.17142857142857182,0.9306666666666666,0.19199999999999973,0.9422222222222225,0.0,0.8514285714285712,1
0.4298181818181819,0.3474285714285715,0.5617142857142859,0.45759999999999995,0.5909333333333336,0.6515555555555554,0.3662222222222221,0.3474285714285713,1
0.5636363636363637,0.4000000000000001,0.6142857142857138,0.5066666666666666,0.6399999999999996,0.7333333333333334,0.4888888888888888,0.39999999999999997,1
0.08218181818181824,0.12914285714285711,0.9794285714285715,0.2410666666666666,0.9872000000000004,0.4017777777777778,0.9786666666666666,0.12914285714285723,0
0.18109090909090914,0.21371428571428575,0.7137142857142859,0.3328,0.7658666666666666,0.49955555555555575,0.6657777777777777,0.21371428571428563,0
0.18690909090909097,0.21828571428571433,0.718285714285714,0.3370666666666665,0.7722666666666669,0.5031111111111112,0.6728888888888889,0.2182857142857143,0
0.824,0.625142857142857,0.4554285714285717,0.7626666666666666,0.49173333333333363,0.8542222222222222,0.15288888888888885,0.625142857142857,1
0.9511272727272728,0.808,0.11714285714285716,0.9103999999999999,0.13120000000000026,0.9253333333333335,0.0,0.8079999999999999,1
0.23781818181818182,0.25828571428571423,0.7582857142857141,0.3743999999999999,0.8282666666666672,0.5342222222222224,0.735111111111111,0.25828571428571423,0
0.7018181818181818,0.49714285714285716,0.3914285714285716,0.6133333333333332,0.4320000000000003,0.8044444444444446,0.05333333333333323,0.4971428571428573,1
0.9656727272727272,0.865142857142857,0.18857142857142856,0.9370666666666666,0.2112000000000005,0.9475555555555557,0.0,0.8651428571428572,1
0.967418181818182,0.8719999999999999,0.19714285714285745,0.9402666666666665,0.22079999999999989,0.9502222222222224,0.0,0.8719999999999999,1
0.3774545454545456,0.32685714285714285,0.5411428571428566,0.43839999999999996,0.5717333333333329,0.6195555555555555,0.31822222222222213,0.3268571428571428,1
0.22181818181818186,0.24571428571428577,0.7457142857142854,0.3626666666666666,0.8106666666666664,0.5244444444444444,0.7155555555555555,0.24571428571428572,0
0.9557818181818183,0.8262857142857143,0.1399999999999995,0.9189333333333332,0.15680000000000027,0.9324444444444444,0.0,0.8262857142857143,1
0.43272727272727274,0.3485714285714285,0.5628571428571424,0.4586666666666666,0.5919999999999997,0.6533333333333335,0.36888888888888877,0.34857142857142864,1
0.05090909090909085,0.08000000000000002,0.905714285714286,0.14933333333333326,0.9413333333333336,0.248888888888889,0.902222222222222,0.0799999999999999,0
0.9488000000000001,0.7988571428571429,0.10571428571428593,0.9061333333333331,0.11839999999999978,0.921777777777778,0.0,0.7988571428571427,1
0.8676363636363638,0.6708571428571428,0.47828571428571404,0.8159999999999998,0.5130666666666666,0.872,0.18844444444444433,0.6708571428571429,1
0.26690909090909093,0.28114285714285714,0.7811428571428575,0.39573333333333327,0.8602666666666664,0.5520000000000002,0.7706666666666666,0.28114285714285725,0
0.0647272727272728,0.10171428571428565,0.9382857142857137,0.18986666666666663,0.9616000000000005,0.3164444444444444,0.9359999999999997,0.10171428571428576,0
0.061090909090909085,0.09600000000000003,0.9297142857142859,0.17919999999999997,0.9562666666666663,0.29866666666666664,0.927111111111111,0.09599999999999997,0
0.6014545454545455,0.4148571428571428,0.6291428571428576,0.5205333333333332,0.6538666666666672,0.7564444444444447,0.5235555555555554,0.4148571428571427,1
0.9406545454545456,0.7668571428571429,0.06571428571428584,0.8911999999999998,0.0736,0.9093333333333335,0.0,0.7668571428571429,1
0.04945454545454547,0.07771428571428574,0.9022857142857145,0.14506666666666662,0.9391999999999996,0.2417777777777777,0.8986666666666664,0.07771428571428568,0
0.4792727272727273,0.36685714285714277,0.5811428571428567,0.4757333333333332,0.6090666666666664,0.681777777777778,0.4115555555555555,0.36685714285714294,1
0.6625454545454545,0.456,0.37085714285714233,0.5653333333333332,0.41279999999999956,0.7884444444444446,0.021333333333333315,0.4559999999999998,1
0.6072727272727274,0.4171428571428571,0.6314285714285716,0.5226666666666666,0.6560000000000002,0.7600000000000002,0.5288888888888887,0.4171428571428569,1
0.07854545454545458,0.12342857142857155,0.9708571428571425,0.23039999999999994,0.9818666666666662,0.3840000000000001,0.9697777777777776,0.12342857142857139,0
0.426909090909091,0.3462857142857142,0.5605714285714284,0.4565333333333333,0.5898666666666667,0.6497777777777778,0.36355555555555547,0.3462857142857142,1
0.034909090909090945,0.05485714285714288,0.8679999999999999,0.10239999999999994,0.9178666666666666,0.17066666666666686,0.8631111111111109,0.05485714285714288,0
0.0683636363636363,0.10742857142857148,0.9468571428571426,0.20053333333333329,0.9669333333333336,0.3342222222222224,0.9448888888888887,0.10742857142857137,0
0.0014545454545454861,0.00228571428571428,0.7891428571428571,0.004266666666666641,0.8687999999999998,0.007111111111111179,0.7813333333333332,0.00228571428571428,0
0.002181818181818118,0.003428571428571281,0.7908571428571429,0.006399999999999961,0.8698666666666668,0.010666666666666713,0.7831111111111111,0.003428571428571392,0
0.09672727272727277,0.1474285714285714,0.6474285714285708,0.27093333333333325,0.6730666666666669,0.44799999999999995,0.5626666666666665,0.1474285714285713,0
0.7912727272727273,0.5908571428571427,0.4382857142857139,0.7226666666666666,0.47573333333333306,0.840888888888889,0.12622222222222218,0.590857142857143,1
0.05236363636363639,0.08228571428571435,0.9091428571428566,0.15359999999999996,0.9434666666666667,0.25599999999999995,0.9057777777777776,0.08228571428571435,0
0.9429818181818184,0.776,0.07714285714285701,0.8954666666666664,0.08640000000000048,0.9128888888888889,0.0,0.7759999999999998,1
0.929018181818182,0.7211428571428571,0.008571428571428896,0.8698666666666663,0.009600000000000386,0.8915555555555558,0.0,0.7211428571428569,1
0.07272727272727275,0.11428571428571432,0.9571428571428573,0.21333333333333326,0.9733333333333329,0.35555555555555557,0.9555555555555555,0.11428571428571427,0
0.3570909090909091,0.31885714285714273,0.5331428571428569,0.4309333333333333,0.5642666666666666,0.607111111111111,0.2995555555555555,0.31885714285714273,1
0.8785454545454545,0.6822857142857142,0.48399999999999965,0.8293333333333333,0.5183999999999997,0.8764444444444445,0.19733333333333325,0.6822857142857142,1
0.5374545454545455,0.3897142857142857,0.6040000000000001,0.49706666666666655,0.6304000000000002,0.7173333333333335,0.4648888888888888,0.3897142857142857,1
0.9330909090909091,0.7371428571428571,0.028571428571428914,0.8773333333333333,0.03200000000000036,0.897777777777778,0.0,0.7371428571428571,1
0.9778909090909094,0.913142857142857,0.24857142857142878,0.9594666666666665,0.27840000000000015,0.9662222222222224,0.0,0.9131428571428568,1
0.9796363636363636,0.9199999999999999,0.2571428571428567,0.9626666666666666,0.2879999999999996,0.9688888888888889,0.0,0.92,1
0.4647272727272728,0.3611428571428572,0.5754285714285712,0.4703999999999999,0.6037333333333331,0.672888888888889,0.39822222222222214,0.36114285714285715,1
0.19563636363636366,0.2251428571428572,0.7251428571428571,0.3434666666666666,0.7818666666666663,0.5084444444444444,0.6835555555555555,0.2251428571428572,0
0.3832727272727273,0.3291428571428572,0.5434285714285716,0.4405333333333333,0.573866666666667,0.6231111111111113,0.3235555555555555,0.3291428571428572,1
0.9889454545454546,0.9565714285714284,0.30285714285714244,0.9797333333333333,0.3391999999999996,0.983111111111111,0.0,0.9565714285714286,1
0.5781818181818182,0.4057142857142857,0.6200000000000003,0.5119999999999999,0.6453333333333338,0.7422222222222224,0.5022222222222221,0.40571428571428575,1
0.032727272727272716,0.051428571428571324,0.8628571428571425,0.09599999999999997,0.9146666666666665,0.16000000000000014,0.8577777777777775,0.05142857142857138,0
0.041454545454545466,0.06514285714285706,0.8834285714285709,0.12159999999999993,0.9274666666666671,0.20266666666666683,0.879111111111111,0.06514285714285717,0
0.9959272727272728,0.984,0.33714285714285697,0.9925333333333333,0.3776000000000001,0.9937777777777779,0.0,0.9839999999999999,1
1.0,1.0,0.3571428571428571,0.9999999999999998,0.4,1.0,0.0,0.9999999999999999,1
0.2654545454545455,0.28000000000000014,0.78,0.3946666666666666,0.8586666666666664,0.5511111111111111,0.7688888888888887,0.2799999999999999,0
0.5403636363636364,0.3908571428571429,0.6051428571428566,0.4981333333333332,0.6314666666666663,0.7191111111111111,0.4675555555555555,0.39085714285714285,1
0.4763636363636365,0.36571428571428577,0.5800000000000002,0.4746666666666665,0.6080000000000003,0.6799999999999999,0.4088888888888888,0.3657142857142856,1
0.23927272727272725,0.25942857142857145,0.7594285714285716,0.37546666666666656,0.8298666666666662,0.5351111111111111,0.7368888888888887,0.25942857142857134,0
0.15345454545454545,0.1919999999999999,0.6920000000000001,0.31253333333333333,0.7354666666666665,0.4826666666666667,0.6319999999999999,0.19199999999999995,0
0.13745454545454555,0.17942857142857144,0.6794285714285713,0.30079999999999996,0.7178666666666667,0.472888888888889,0.6124444444444443,0.17942857142857147,0
0.16945454545454547,0.2045714285714286,0.7045714285714287,0.32426666666666665,0.7530666666666671,0.49244444444444446,0.6515555555555554,0.20457142857142846,0
0.9650909090909091,0.8628571428571428,0.18571428571428522,0.9359999999999997,0.20800000000000035,0.9466666666666665,0.0,0.8628571428571429,1
0.8545454545454547,0.657142857142857,0.4714285714285709,0.7999999999999998,0.5066666666666663,0.8666666666666667,0.1777777777777777,0.6571428571428571,1
0.25236363636363646,0.2697142857142857,0.7697142857142854,0.38506666666666656,0.8442666666666667,0.5431111111111111,0.7528888888888887,0.26971428571428563,0
0.18545454545454554,0.21714285714285705,0.7171428571428574,0.33599999999999985,0.7706666666666668,0.5022222222222221,0.671111111111111,0.21714285714285717,0
0.15200000000000002,0.19085714285714286,0.6908571428571425,0.31146666666666667,0.7338666666666663,0.48177777777777797,0.6302222222222221,0.19085714285714286,0
0.6189090909090911,0.4217142857142857,0.6359999999999997,0.5269333333333333,0.6602666666666664,0.7671111111111111,0.5395555555555555,0.4217142857142858,1
0.2407272727272728,0.26057142857142856,0.7605714285714281,0.3765333333333332,0.8314666666666662,0.5360000000000001,0.7386666666666666,0.26057142857142845,0
0.021818181818181903,0.03428571428571431,0.837142857142857,0.06399999999999995,0.898666666666667,0.10666666666666669,0.831111111111111,0.034285714285714364,0
0.4007272727272729,0.336,0.5502857142857137,0.4469333333333333,0.5802666666666663,0.6337777777777778,0.3395555555555555,0.3359999999999999,1
0.03709090909090906,0.05828571428571422,0.8731428571428572,0.10879999999999995,0.9210666666666668,0.1813333333333333,0.8684444444444444,0.058285714285714274,0
0.5229090909090911,0.38400000000000006,0.5982857142857145,0.4917333333333332,0.625066666666667,0.7084444444444444,0.4515555555555555,0.3839999999999999,1
0.21890909090909094,0.2434285714285715,0.7434285714285713,0.36053333333333326,0.8074666666666663,0.5226666666666666,0.712,0.24342857142857152,0
0.49963636363636377,0.3748571428571429,0.5891428571428574,0.48319999999999985,0.6165333333333336,0.6942222222222222,0.4302222222222221,0.3748571428571428,1
0.1418181818181818,0.18285714285714275,0.6828571428571428,0.30399999999999994,0.7226666666666669,0.47555555555555573,0.6177777777777776,0.1828571428571428,0
0.2232727272727273,0.2468571428571428,0.7468571428571429,0.36373333333333324,0.8122666666666665,0.5253333333333334,0.7173333333333333,0.24685714285714286,0
0.9342545454545454,0.7417142857142858,0.034285714285714586,0.8794666666666665,0.038399999999999546,0.8995555555555558,0.0,0.7417142857142854,1
0.7890909090909093,0.5885714285714284,0.4371428571428574,0.72,0.474666666666667,0.8400000000000001,0.12444444444444441,0.5885714285714283,1
0.9691636363636364,0.8788571428571428,0.20571428571428535,0.9434666666666666,0.23040000000000022,0.9528888888888889,0.0,0.878857142857143,1
0.030545454545454598,0.04800000000000004,0.8577142857142852,0.08960000000000001,0.9114666666666664,0.14933333333333337,0.8524444444444443,0.04799999999999999,0
0.017454545454545445,0.027428571428571413,0.8268571428571423,0.05119999999999991,0.8922666666666667,0.08533333333333337,0.8204444444444443,0.02742857142857147,0
0.06618181818181817,0.10399999999999993,0.9417142857142853,0.19413333333333327,0.9637333333333336,0.32355555555555565,0.9395555555555553,0.10399999999999998,0
0.4065454545454546,0.3382857142857143,0.5525714285714287,0.4490666666666666,0.5824000000000003,0.6373333333333335,0.3448888888888888,0.33828571428571436,1
0.7956363636363638,0.5954285714285713,0.44057142857142895,0.7279999999999999,0.4778666666666671,0.8426666666666668,0.12977777777777771,0.5954285714285714,1
0.024727272727272764,0.03885714285714287,0.8440000000000001,0.07253333333333328,0.9029333333333331,0.12088888888888893,0.838222222222222,0.03885714285714287,0
0.007999999999999952,0.0125714285714284,0.804571428571428,0.023466666666666636,0.8784000000000001,0.039111111111111097,0.7973333333333332,0.012571428571428511,0
0.06981818181818195,0.10971428571428576,0.9502857142857142,0.20479999999999993,0.9690666666666667,0.3413333333333334,0.9484444444444442,0.10971428571428582,0
0.6363636363636365,0.42857142857142855,0.6428571428571428,0.5333333333333332,0.6666666666666666,0.7777777777777779,0.5555555555555555,0.42857142857142855,1
0.938909090909091,0.76,0.05714285714285694,0.8879999999999999,0.06399999999999961,0.9066666666666667,0.0,0.7599999999999998,1
0.0058181818181818334,0.00914285714285712,0.7994285714285707,0.01706666666666662,0.8752,0.028444444444444494,0.7919999999999998,0.009142857142857175,0
0.41236363636363654,0.3405714285714286,0.5548571428571428,0.45119999999999993,0.5845333333333333,0.6408888888888891,0.35022222222222216,0.3405714285714286,1
0.9918545454545458,0.968,0.31714285714285695,0.9850666666666665,0.3552000000000002,0.9875555555555556,0.0,0.9679999999999997,1
0.2421818181818182,0.2617142857142858,0.7617142857142857,0.37759999999999994,0.8330666666666664,0.5368888888888889,0.7404444444444442,0.26171428571428557,0
0.12872727272727275,0.17257142857142857,0.6725714285714282,0.2944,0.7082666666666664,0.4675555555555557,0.6017777777777777,0.17257142857142854,0
0.21018181818181825,0.23657142857142863,0.7365714285714282,0.3541333333333332,0.797866666666667,0.5173333333333334,0.7013333333333333,0.23657142857142857,0
0.6778181818181819,0.47200000000000003,0.3788571428571429,0.5839999999999999,0.4202666666666668,0.7946666666666669,0.033777777777777684,0.47199999999999986,1
0.008727272727272695,0.013714285714285734,0.8062857142857138,0.02560000000000001,0.8794666666666662,0.04266666666666674,0.799111111111111,0.013714285714285623,0
0.06763636363636366,0.1062857142857142,0.9451428571428568,0.19839999999999997,0.9658666666666667,0.3306666666666666,0.943111111111111,0.10628571428571426,0
0.8741818181818182,0.6777142857142857,0.4817142857142856,0.8239999999999998,0.5162666666666667,0.8746666666666667,0.19377777777777772,0.6777142857142856,1
0.7716363636363637,0.5702857142857144,0.4280000000000002,0.6986666666666665,0.4661333333333336,0.8328888888888891,0.11022222222222217,0.5702857142857141,1
0.04363636363636364,0.06857142857142862,0.8885714285714282,0.12799999999999995,0.9306666666666663,0.21333333333333326,0.8844444444444444,0.0685714285714285,0
0.5956363636363637,0.41257142857142853,0.6268571428571424,0.5183999999999999,0.651733333333333,0.7528888888888889,0.5182222222222221,0.4125714285714285,1
0.3687272727272728,0.3234285714285713,0.537714285714286,0.4351999999999999,0.5685333333333338,0.6142222222222223,0.3102222222222221,0.3234285714285714,1
0.30472727272727274,0.29828571428571415,0.5125714285714286,0.4117333333333333,0.5450666666666668,0.5751111111111111,0.2515555555555554,0.2982857142857142,1
0.2610909090909091,0.2765714285714286,0.7765714285714285,0.3914666666666666,0.8538666666666671,0.5484444444444446,0.7635555555555553,0.2765714285714286,0
0.9470545454545455,0.792,0.09714285714285709,0.9029333333333331,0.10880000000000034,0.9191111111111112,0.0,0.7919999999999999,1
0.04000000000000009,0.06285714285714278,0.8799999999999993,0.11733333333333323,0.925333333333333,0.19555555555555554,0.8755555555555554,0.06285714285714294,0
0.19418181818181818,0.22399999999999995,0.7239999999999995,0.34239999999999987,0.7802666666666662,0.5075555555555558,0.6817777777777776,0.2240000000000001,0
0.6385454545454547,0.4308571428571428,0.3582857142857146,0.5359999999999998,0.401066666666667,0.7786666666666668,0.0017777777777777115,0.43085714285714277,1
0.9412363636363636,0.7691428571428571,0.06857142857142806,0.8922666666666665,0.07680000000000009,0.9102222222222223,0.0,0.7691428571428571,1
0.29309090909090907,0.2937142857142856,0.5079999999999996,0.4074666666666666,0.5407999999999996,0.5680000000000002,0.24088888888888882,0.2937142857142857,1
0.09090909090909094,0.14285714285714285,0.6428571428571428,0.2666666666666666,0.6666666666666666,0.44444444444444453,0.5555555555555555,0.14285714285714285,0
0.9528727272727273,0.814857142857143,0.12571428571428606,0.9136,0.1407999999999997,0.9280000000000002,0.0,0.8148571428571427,1
0.009454545454545493,0.01485714285714268,0.8079999999999996,0.027733333333333277,0.8805333333333332,0.046222222222222276,0.8008888888888888,0.014857142857142958,0
0.8436363636363639,0.6457142857142857,0.46571428571428536,0.7866666666666666,0.5013333333333331,0.8622222222222222,0.16888888888888884,0.6457142857142855,1
0.9464727272727274,0.7897142857142858,0.0942857142857138,0.9018666666666664,0.10560000000000025,0.9182222222222222,0.0,0.7897142857142856,1
0.2261818181818182,0.24914285714285708,0.749142857142857,0.36586666666666656,0.8154666666666666,0.5271111111111112,0.7208888888888889,0.24914285714285708,0
0.8261818181818182,0.6274285714285713,0.4565714285714282,0.7653333333333332,0.49279999999999974,0.8551111111111114,0.15466666666666656,0.6274285714285712,1
0.03199999999999997,0.05028571428571432,0.8611428571428568,0.0938666666666666,0.9135999999999995,0.1564444444444446,0.8559999999999999,0.05028571428571421,0
0.015272727272727327,0.02399999999999991,0.8217142857142858,0.04479999999999995,0.8890666666666664,0.07466666666666677,0.815111111111111,0.024000000000000077,0
0.7934545454545455,0.593142857142857,0.4394285714285714,0.7253333333333333,0.47680000000000006,0.8417777777777777,0.12799999999999995,0.5931428571428572,1
0.9645090909090911,0.8605714285714284,0.182857142857143,0.9349333333333332,0.2048000000000002,0.9457777777777779,0.0,0.8605714285714287,1
0.6930909090909092,0.48800000000000004,0.38685714285714257,0.6026666666666665,0.42773333333333313,0.8008888888888891,0.046222222222222165,0.48799999999999993,1
0.21163636363636368,0.23771428571428566,0.7377142857142858,0.3551999999999999,0.799466666666667,0.5182222222222221,0.703111111111111,0.2377142857142857,0
0.9668363636363637,0.8697142857142856,0.19428571428571412,0.9391999999999999,0.21759999999999974,0.9493333333333334,0.0,0.8697142857142856,1
0.8807272727272728,0.6845714285714285,0.48514285714285715,0.8319999999999999,0.5194666666666667,0.8773333333333335,0.19911111111111104,0.6845714285714284,1
0.7170909090909091,0.5131428571428572,0.39942857142857124,0.6319999999999999,0.43946666666666656,0.8106666666666669,0.06577777777777771,0.5131428571428569,1
0.9714909090909092,0.8879999999999999,0.21714285714285753,0.9477333333333333,0.2431999999999998,0.9564444444444447,0.0,0.8879999999999999,1
0.6538181818181817,0.44685714285714284,0.3662857142857142,0.5546666666666666,0.40853333333333336,0.7848888888888889,0.014222222222222136,0.44685714285714284,1
0.07418181818181813,0.1165714285714286,0.960571428571428,0.21759999999999996,0.9754666666666669,0.3626666666666666,0.9591111111111108,0.11657142857142849,0
0.7629090909090909,0.5611428571428573,0.42342857142857115,0.688,0.4618666666666665,0.8293333333333333,0.10311111111111104,0.5611428571428572,1
0.6247272727272728,0.424,0.6382857142857147,0.5290666666666666,0.6624000000000004,0.7706666666666669,0.5448888888888888,0.42400000000000004,1
0.6581818181818183,0.4514285714285714,0.3685714285714282,0.5599999999999999,0.4106666666666664,0.7866666666666668,0.017777777777777726,0.4514285714285713,1
0.7083636363636363,0.504,0.3948571428571432,0.6213333333333333,0.43520000000000036,0.8071111111111111,0.05866666666666659,0.504,1
0.11563636363636365,0.16228571428571414,0.6622857142857146,0.28479999999999994,0.6938666666666667,0.4595555555555558,0.5857777777777777,0.16228571428571426,0
0.9499636363636366,0.8034285714285715,0.1114285714285716,0.9082666666666664,0.12480000000000008,0.9235555555555557,0.0,0.8034285714285715,1
0.2756363636363636,0.2868571428571427,0.5011428571428574,0.40106666666666657,0.5344000000000003,0.5573333333333333,0.2248888888888888,0.2868571428571428,1
0.6865454545454547,0.48114285714285715,0.383428571428571,0.5946666666666666,0.424533333333333,0.7982222222222224,0.04088888888888881,0.4811428571428572,1
0.11127272727272719,0.1588571428571428,0.658857142857143,0.28159999999999996,0.6890666666666666,0.456888888888889,0.5804444444444443,0.15885714285714292,0
0.8719999999999999,0.6754285714285714,0.4805714285714281,0.8213333333333332,0.5151999999999997,0.8737777777777778,0.19199999999999992,0.6754285714285714,1
0.5432727272727272,0.39199999999999996,0.6062857142857141,0.49919999999999987,0.6325333333333333,0.7208888888888889,0.47022222222222215,0.39199999999999996,1
0.6996363636363638,0.4948571428571429,0.3902857142857141,0.6106666666666666,0.4309333333333333,0.8035555555555556,0.05155555555555552,0.4948571428571426,1
0.9569454545454548,0.830857142857143,0.14571428571428613,0.9210666666666665,0.16319999999999957,0.9342222222222225,0.0,0.8308571428571427,1
0.44436363636363635,0.35314285714285704,0.5674285714285715,0.4629333333333333,0.5962666666666668,0.6604444444444445,0.3795555555555555,0.3531428571428571,1
0.9976727272727275,0.9908571428571429,0.34571428571428586,0.9957333333333331,0.38720000000000043,0.9964444444444447,0.0,0.990857142857143,1
0.6712727272727274,0.46514285714285714,0.37542857142857133,0.576,0.4170666666666667,0.7920000000000001,0.028444444444444383,0.46514285714285714,1
0.5112727272727274,0.3794285714285715,0.5937142857142854,0.48746666666666655,0.6207999999999998,0.7013333333333335,0.4408888888888888,0.37942857142857145,1
0.07054545454545458,0.11085714285714282,0.952,0.2069333333333333,0.9701333333333337,0.34488888888888886,0.9502222222222221,0.11085714285714288,0
0.03854545454545455,0.0605714285714285,0.8765714285714288,0.11306666666666665,0.9231999999999999,0.18844444444444458,0.8719999999999999,0.0605714285714285,0
0.20290909090909087,0.2308571428571428,0.7308571428571426,0.3487999999999999,0.7898666666666666,0.512888888888889,0.6924444444444444,0.2308571428571428,0
0.5898181818181818,0.41028571428571425,0.6245714285714284,0.5162666666666665,0.6496,0.7493333333333334,0.5128888888888887,0.41028571428571425,1
0.7236363636363636,0.52,0.4028571428571428,0.6399999999999999,0.4426666666666667,0.8133333333333334,0.07111111111111107,0.52,1
0.5345454545454547,0.3885714285714286,0.6028571428571425,0.4959999999999999,0.6293333333333332,0.7155555555555557,0.46222222222222215,0.38857142857142857,1
0.5985454545454546,0.4137142857142858,0.628,0.5194666666666665,0.6528,0.7546666666666666,0.5208888888888887,0.4137142857142858,1
0.9790545454545455,0.9177142857142857,0.2542857142857144,0.9615999999999998,0.28480000000000044,0.9680000000000002,0.0,0.9177142857142857,1
0.9825454545454547,0.9314285714285713,0.2714285714285712,0.9679999999999997,0.30400000000000016,0.9733333333333334,0.0,0.9314285714285712,1
0.24654545454545462,0.2651428571428571,0.7651428571428572,0.3807999999999999,0.8378666666666665,0.5395555555555557,0.7457777777777777,0.2651428571428572,0
0.029818181818181855,0.046857142857142764,0.8559999999999994,0.08746666666666664,0.9104000000000003,0.14577777777777784,0.8506666666666665,0.046857142857142875,0
0.9755636363636365,0.9039999999999999,0.2371428571428566,0.9551999999999998,0.26559999999999967,0.9626666666666666,0.0,0.9039999999999999,1
0.12581818181818188,0.1702857142857143,0.6702857142857142,0.2922666666666666,0.7050666666666662,0.46577777777777774,0.5982222222222222,0.1702857142857143,0
0.456,0.35771428571428565,0.5719999999999996,0.46719999999999984,0.600533333333333,0.6675555555555558,0.39022222222222214,0.35771428571428576,1
0.8087272727272729,0.609142857142857,0.44742857142857106,0.7439999999999999,0.4842666666666664,0.8480000000000001,0.14044444444444443,0.6091428571428569,1
0.9441454545454546,0.7805714285714286,0.08285714285714257,0.8975999999999997,0.09279999999999977,0.9146666666666667,0.0,0.7805714285714284,1
0.8065454545454547,0.6068571428571428,0.4462857142857145,0.7413333333333332,0.4832000000000003,0.8471111111111114,0.1386666666666666,0.6068571428571427,1
0.8960000000000001,0.7005714285714285,0.49314285714285677,0.8506666666666667,0.5269333333333331,0.8835555555555558,0.21155555555555547,0.7005714285714284,1
0.6974545454545455,0.4925714285714286,0.38914285714285657,0.6079999999999999,0.42986666666666623,0.8026666666666669,0.049777777777777754,0.4925714285714284,1
0.0065454545454545765,0.01028571428571412,0.8011428571428565,0.01919999999999994,0.876266666666667,0.03200000000000003,0.7937777777777777,0.010285714285714287,0
0.9069090909090909,0.712,0.4988571428571424,0.8639999999999999,0.5322666666666663,0.8879999999999999,0.22044444444444436,0.712,1
0.04072727272727278,0.064,0.8817142857142851,0.11946666666666661,0.9264000000000001,0.19911111111111102,0.8773333333333333,0.06400000000000006,0
0.17381818181818187,0.2079999999999999,0.7080000000000003,0.3274666666666667,0.7578666666666664,0.4951111111111112,0.6568888888888887,0.20800000000000002,0
0.8152727272727274,0.6159999999999999,0.4508571428571426,0.7519999999999998,0.4874666666666665,0.8506666666666668,0.14577777777777773,0.616,1
0.8,0.5999999999999999,0.44285714285714295,0.7333333333333332,0.4800000000000002,0.8444444444444446,0.1333333333333333,0.6,1
0.786909090909091,0.5862857142857141,0.43599999999999983,0.7173333333333332,0.47359999999999997,0.8391111111111114,0.12266666666666659,0.5862857142857141,1
0.3512727272727272,0.31657142857142845,0.5308571428571429,0.42879999999999996,0.5621333333333335,0.6035555555555555,0.29422222222222216,0.3165714285714285,1
0.9360000000000002,0.7485714285714287,0.04285714285714248,0.8826666666666665,0.04799999999999993,0.9022222222222223,0.0,0.7485714285714287,1
0.058909090909090966,0.09257142857142853,0.9245714285714286,0.1727999999999999,0.9530666666666671,0.2879999999999999,0.9217777777777776,0.09257142857142858,0
0.9517090909090908,0.8102857142857143,0.1200000000000005,0.9114666666666665,0.1344000000000004,0.9262222222222225,0.0,0.8102857142857143,1
0.01600000000000007,0.025142857142857133,0.8234285714285716,0.04693333333333327,0.8901333333333337,0.07822222222222242,0.8168888888888888,0.025142857142857244,0
0.9703272727272727,0.8834285714285712,0.21142857142857097,0.9456,0.2368000000000005,0.9546666666666667,0.0,0.8834285714285715,1
0.0850909090909091,0.13371428571428567,0.9862857142857147,0.24959999999999993,0.9914666666666667,0.41600000000000004,0.9857777777777776,0.13371428571428567,0
0.4385454545454547,0.35085714285714276,0.5651428571428575,0.4608,0.5941333333333337,0.6568888888888891,0.3742222222222221,0.35085714285714287,1
0.2640000000000001,0.2788571428571428,0.7788571428571425,0.39359999999999995,0.8570666666666663,0.5502222222222224,0.767111111111111,0.2788571428571428,0
0.5723636363636365,0.40342857142857136,0.6177142857142853,0.5098666666666666,0.6431999999999998,0.7386666666666666,0.4968888888888888,0.4034285714285715,1
0.14763636363636362,0.18742857142857133,0.687428571428571,0.30826666666666663,0.7290666666666672,0.47911111111111127,0.6248888888888887,0.1874285714285715,0
0.752,0.5497142857142858,0.4177142857142856,0.6746666666666665,0.4565333333333333,0.8248888888888891,0.09422222222222215,0.5497142857142855,1
0.07927272727272727,0.1245714285714285,0.9725714285714283,0.23253333333333331,0.9829333333333332,0.38755555555555554,0.9715555555555553,0.12457142857142856,0
0.018181818181818188,0.02857142857142847,0.8285714285714281,0.05333333333333329,0.8933333333333338,0.0888888888888889,0.8222222222222221,0.02857142857142858,0
0.8501818181818184,0.6525714285714285,0.46914285714285686,0.7946666666666666,0.5045333333333332,0.864888888888889,0.17422222222222217,0.6525714285714286,1
0.38036363636363646,0.3279999999999999,0.542285714285714,0.4394666666666666,0.5727999999999999,0.6213333333333333,0.3208888888888888,0.3279999999999999,1
0.3192727272727274,0.304,0.5182857142857142,0.4170666666666666,0.5504,0.5840000000000001,0.2648888888888888,0.304,1
0.9400727272727273,0.7645714285714287,0.0628571428571425,0.8901333333333332,0.07039999999999991,0.9084444444444444,0.0,0.7645714285714287,1
0.4967272727272727,0.37371428571428567,0.5879999999999999,0.4821333333333332,0.6154666666666666,0.6924444444444444,0.42755555555555547,0.37371428571428567,1
0.834909090909091,0.6365714285714285,0.4611428571428573,0.7759999999999999,0.4970666666666669,0.8586666666666668,0.16177777777777771,0.6365714285714286,1
0.06909090909090904,0.10857142857142849,0.9485714285714284,0.2026666666666666,0.9679999999999997,0.3377777777777779,0.9466666666666665,0.10857142857142849,0
0.7280000000000002,0.5245714285714287,0.40514285714285686,0.6453333333333332,0.4447999999999998,0.8151111111111113,0.0746666666666666,0.5245714285714285,1
0.47345454545454563,0.3645714285714285,0.5788571428571427,0.47359999999999985,0.6069333333333333,0.6782222222222222,0.40622222222222215,0.3645714285714285,1
0.19854545454545458,0.22742857142857148,0.7274285714285711,0.34559999999999985,0.7850666666666664,0.5102222222222221,0.687111111111111,0.22742857142857145,0
0.010181818181818236,0.016000000000000014,0.8097142857142854,0.029866666666666652,0.8816000000000002,0.04977777777777792,0.8026666666666665,0.01600000000000007,0
0.21454545454545448,0.23999999999999994,0.7399999999999998,0.3573333333333332,0.8026666666666671,0.5200000000000002,0.7066666666666666,0.23999999999999994,0
0.08727272727272722,0.13714285714285723,0.9914285714285709,0.25599999999999995,0.9946666666666668,0.4266666666666668,0.991111111111111,0.13714285714285707,0
0.9090909090909092,0.7142857142857143,0.4999999999999999,0.8666666666666666,0.5333333333333333,0.8888888888888891,0.22222222222222215,0.7142857142857142,1
0.7672727272727274,0.5657142857142858,0.42571428571428516,0.6933333333333332,0.46399999999999963,0.8311111111111114,0.10666666666666663,0.5657142857142856,1
0.6821818181818182,0.4765714285714286,0.38114285714285695,0.5893333333333333,0.4223999999999999,0.7964444444444446,0.037333333333333274,0.47657142857142876,1
0.05454545454545462,0.08571428571428563,0.9142857142857139,0.15999999999999998,0.9466666666666668,0.2666666666666667,0.9111111111111109,0.08571428571428569,0
0.8392727272727274,0.641142857142857,0.4634285714285713,0.7813333333333332,0.4992,0.8604444444444446,0.16533333333333325,0.641142857142857,1
0.9278545454545455,0.7165714285714286,0.0028571428571433355,0.8677333333333331,0.0032000000000000917,0.889777777777778,0.0,0.7165714285714284,1
0.48218181818181816,0.36800000000000005,0.5822857142857143,0.4767999999999999,0.6101333333333334,0.6835555555555558,0.41422222222222216,0.36800000000000005,1
0.9284363636363636,0.7188571428571429,0.005714285714285561,0.8687999999999998,0.006400000000000294,0.8906666666666667,0.0,0.7188571428571426,1
0.8109090909090909,0.6114285714285713,0.44857142857142857,0.7466666666666665,0.4853333333333334,0.848888888888889,0.1422222222222222,0.6114285714285715,1
0.9941818181818185,0.9771428571428571,0.32857142857142807,0.9893333333333332,0.36799999999999977,0.991111111111111,0.0,0.9771428571428572,1
0.22909090909090912,0.2514285714285714,0.751428571428571,0.3679999999999999,0.8186666666666667,0.5288888888888889,0.7244444444444442,0.25142857142857133,0
0.4676363636363637,0.3622857142857142,0.5765714285714286,0.47146666666666653,0.6048000000000002,0.6746666666666667,0.4008888888888888,0.36228571428571427,1
0.07999999999999996,0.12571428571428583,0.9742857142857142,0.23466666666666658,0.9840000000000003,0.3911111111111111,0.9733333333333332,0.12571428571428567,0
0.5287272727272727,0.38628571428571434,0.6005714285714285,0.49386666666666656,0.6272000000000001,0.7120000000000002,0.4568888888888888,0.38628571428571434,1
0.9453090909090911,0.7851428571428571,0.08857142857142819,0.8997333333333332,0.09920000000000001,0.9164444444444444,0.0,0.7851428571428571,1
0.07636363636363641,0.11999999999999994,0.9657142857142852,0.22399999999999992,0.978666666666667,0.37333333333333335,0.9644444444444442,0.1200000000000001,0
0.10981818181818181,0.15771428571428558,0.6577142857142855,0.2805333333333333,0.6874666666666664,0.45599999999999996,0.5786666666666666,0.1577142857142858,0
0.7214545454545457,0.5177142857142858,0.4017142857142853,0.6373333333333333,0.4415999999999997,0.8124444444444445,0.0693333333333333,0.5177142857142858,1
0.9720727272727273,0.8902857142857141,0.21999999999999986,0.9487999999999999,0.24639999999999984,0.9573333333333334,0.0,0.8902857142857141,1
0.022545454545454535,0.03542857142857131,0.8388571428571427,0.06613333333333327,0.899733333333333,0.11022222222222211,0.8328888888888888,0.035428571428571476,0
0.10399999999999998,0.15314285714285703,0.6531428571428574,0.2762666666666666,0.6810666666666663,0.4524444444444445,0.5715555555555555,0.15314285714285714,0
0.045818181818181924,0.0719999999999999,0.8937142857142856,0.13439999999999996,0.9338666666666664,0.22400000000000003,0.8897777777777776,0.07200000000000006,0
0.037818181818181806,0.05942857142857144,0.874857142857143,0.11093333333333327,0.9221333333333329,0.18488888888888877,0.870222222222222,0.059428571428571386,0
0.8021818181818183,0.6022857142857141,0.4439999999999995,0.7359999999999998,0.48106666666666625,0.8453333333333335,0.13511111111111107,0.6022857142857142,1
0.01090909090909098,0.01714285714285696,0.8114285714285712,0.03199999999999997,0.8826666666666663,0.053333333333333344,0.8044444444444443,0.017142857142857182,0
0.012363636363636354,0.01942857142857135,0.8148571428571427,0.036266666666666614,0.8848000000000004,0.06044444444444441,0.8079999999999999,0.01942857142857146,0
0.3483636363636363,0.31542857142857145,0.5297142857142854,0.4277333333333333,0.5610666666666665,0.6017777777777779,0.29155555555555546,0.3154285714285714,1
0.856727272727273,0.6594285714285714,0.4725714285714284,0.8026666666666665,0.5077333333333334,0.8675555555555557,0.1795555555555555,0.6594285714285713,1
0.5025454545454546,0.37599999999999995,0.5902857142857139,0.4842666666666665,0.6175999999999997,0.696,0.43288888888888877,0.3759999999999999,1
0.9505454545454547,0.8057142857142858,0.11428571428571382,0.9093333333333333,0.1280000000000001,0.9244444444444444,0.0,0.8057142857142857,1
0.08290909090909099,0.1302857142857144,0.9811428571428573,0.24319999999999992,0.9882666666666665,0.40533333333333327,0.9804444444444442,0.1302857142857144,0
0.2625454545454545,0.2777142857142858,0.7777142857142859,0.39253333333333323,0.8554666666666662,0.5493333333333333,0.7653333333333332,0.2777142857142857,0
0.8610909090909091,0.6639999999999999,0.4748571428571425,0.8079999999999999,0.5098666666666665,0.8693333333333335,0.183111111111111,0.6639999999999998,1
0.9534545454545456,0.8171428571428572,0.12857142857142834,0.9146666666666665,0.1439999999999998,0.9288888888888889,0.0,0.817142857142857,1
0.6494545454545455,0.4422857142857143,0.3640000000000002,0.5493333333333332,0.40640000000000026,0.7831111111111111,0.010666666666666658,0.4422857142857144,1
0.998836363636364,0.9954285714285713,0.3514285714285715,0.9978666666666666,0.3935999999999998,0.9982222222222223,0.0,0.9954285714285714,1
0.9848727272727276,0.9405714285714284,0.28285714285714236,0.9722666666666665,0.31679999999999975,0.9768888888888889,0.0,0.9405714285714285,1
0.7301818181818183,0.5268571428571429,0.40628571428571436,0.6479999999999999,0.44586666666666686,0.8160000000000001,0.07644444444444437,0.5268571428571428,1
0.958109090909091,0.8354285714285714,0.1514285714285717,0.9231999999999998,0.16959999999999986,0.9360000000000002,0.0,0.8354285714285712,1
0.5607272727272729,0.3988571428571428,0.6131428571428572,0.5055999999999999,0.6389333333333336,0.7315555555555557,0.48622222222222217,0.39885714285714285,1
0.0,0.0,0.7857142857142856,0.0,0.8666666666666667,0.0,0.7777777777777777,0.0,0
0.9726545454545454,0.8925714285714285,0.22285714285714314,0.9498666666666666,0.2496,0.9582222222222225,0.0,0.8925714285714283,1
0.34545454545454546,0.31428571428571417,0.5285714285714289,0.42666666666666664,0.5600000000000004,0.6000000000000001,0.2888888888888888,0.3142857142857143,1
0.6603636363636363,0.45371428571428574,0.3697142857142858,0.5626666666666665,0.4117333333333335,0.7875555555555556,0.019555555555555548,0.45371428571428557,1
0.5549090909090909,0.3965714285714285,0.6108571428571432,0.5034666666666665,0.6368000000000005,0.7280000000000002,0.4808888888888888,0.39657142857142863,1
0.12727272727272726,0.17142857142857132,0.6714285714285717,0.2933333333333333,0.7066666666666663,0.46666666666666673,0.5999999999999999,0.1714285714285714,0
0.38909090909090926,0.33142857142857146,0.5457142857142856,0.44266666666666665,0.5760000000000001,0.6266666666666668,0.3288888888888888,0.33142857142857146,1
0.4880000000000001,0.37028571428571433,0.5845714285714283,0.4789333333333332,0.6122666666666665,0.6871111111111112,0.41955555555555546,0.3702857142857143,1
0.9831272727272728,0.9337142857142857,0.2742857142857145,0.9690666666666666,0.3072000000000003,0.9742222222222223,0.0,0.9337142857142858,1
0.07709090909090915,0.12114285714285727,0.967428571428571,0.2261333333333333,0.9797333333333331,0.37688888888888883,0.9662222222222221,0.12114285714285722,0
0.7541818181818183,0.552,0.41885714285714304,0.6773333333333332,0.4576000000000003,0.8257777777777777,0.09599999999999992,0.5519999999999998,1
0.01890909090909093,0.02971428571428575,0.8302857142857138,0.05546666666666661,0.8943999999999999,0.09244444444444444,0.8239999999999998,0.029714285714285693,0
0.2538181818181819,0.27085714285714296,0.7708571428571428,0.3861333333333332,0.8458666666666668,0.5440000000000002,0.7546666666666665,0.27085714285714274,0
0.8589090909090908,0.6617142857142857,0.473714285714286,0.8053333333333331,0.5088000000000004,0.8684444444444446,0.1813333333333332,0.6617142857142856,1
0.9540363636363637,0.8194285714285715,0.13142857142857167,0.9157333333333333,0.14719999999999994,0.929777777777778,0.0,0.8194285714285716,1
0.8894545454545456,0.6937142857142857,0.4897142857142852,0.8426666666666666,0.5237333333333329,0.880888888888889,0.20622222222222217,0.6937142857142857,1
0.41527272727272735,0.34171428571428564,0.5560000000000003,0.45226666666666665,0.5856000000000005,0.6426666666666668,0.3528888888888888,0.34171428571428575,1
0.023272727272727278,0.03657142857142859,0.8405714285714285,0.06826666666666664,0.9008,0.11377777777777787,0.8346666666666664,0.03657142857142859,0
0.821818181818182,0.6228571428571428,0.4542857142857142,0.7599999999999999,0.49066666666666664,0.8533333333333335,0.15111111111111108,0.6228571428571428,1
0.09818181818181815,0.1485714285714284,0.6485714285714284,0.2719999999999999,0.674666666666667,0.448888888888889,0.5644444444444443,0.14857142857142863,0
0.4705454545454545,0.3634285714285715,0.5777142857142852,0.4725333333333332,0.6058666666666662,0.6764444444444445,0.4035555555555555,0.3634285714285714,1
0.9598545454545455,0.8422857142857144,0.1599999999999996,0.9263999999999999,0.1792000000000002,0.9386666666666666,0.0,0.8422857142857143,1
0.053818181818181876,0.08457142857142863,0.9125714285714281,0.1578666666666666,0.9455999999999998,0.26311111111111124,0.9093333333333331,0.08457142857142858,0
0.20436363636363647,0.23200000000000004,0.7320000000000002,0.34986666666666655,0.7914666666666667,0.5137777777777779,0.6942222222222221,0.23199999999999993,0
0.9301818181818182,0.7257142857142858,0.014285714285714457,0.8719999999999998,0.01599999999999968,0.8933333333333335,0.0,0.7257142857142858,1
0.18399999999999994,0.21600000000000005,0.716,0.3349333333333332,0.7690666666666668,0.5013333333333334,0.6693333333333332,0.21600000000000005,0
0.3076363636363637,0.29942857142857143,0.5137142857142851,0.41279999999999994,0.5461333333333329,0.5768888888888888,0.2542222222222221,0.2994285714285713,1
0.055999999999999994,0.08799999999999991,0.9177142857142855,0.16426666666666667,0.9487999999999999,0.2737777777777777,0.9146666666666665,0.08799999999999997,0
0.7149090909090909,0.5108571428571429,0.39828571428571374,0.6293333333333332,0.43839999999999957,0.8097777777777778,0.064,0.5108571428571427,1
0.04218181818181821,0.06628571428571434,0.8851428571428567,0.1237333333333333,0.9285333333333331,0.2062222222222223,0.8808888888888887,0.06628571428571428,0
0.1461818181818182,0.18628571428571428,0.6862857142857144,0.3071999999999999,0.727466666666667,0.4782222222222222,0.623111111111111,0.18628571428571436,0
0.22036363636363632,0.24457142857142852,0.7445714285714289,0.36159999999999987,0.8090666666666664,0.5235555555555557,0.7137777777777777,0.2445714285714286,0
0.7258181818181819,0.5222857142857144,0.40400000000000036,0.6426666666666666,0.44373333333333376,0.8142222222222224,0.07288888888888884,0.5222857142857142,1
0.18254545454545457,0.21485714285714277,0.7148571428571424,0.33386666666666653,0.7674666666666667,0.5004444444444445,0.6675555555555555,0.21485714285714294,0
0.999418181818182,0.9977142857142858,0.35428571428571376,0.9989333333333332,0.3967999999999999,0.9991111111111111,0.0,0.9977142857142857,1
0.23490909090909098,0.25599999999999995,0.756,0.3722666666666666,0.825066666666667,0.5324444444444444,0.7315555555555554,0.256,0
0.9435636363636365,0.7782857142857142,0.0800000000000003,0.8965333333333332,0.08959999999999968,0.913777777777778,0.0,0.778285714285714,1
0.10545454545454547,0.15428571428571425,0.6542857142857139,0.2773333333333333,0.6826666666666663,0.4533333333333335,0.5733333333333333,0.15428571428571425,0
0.9738181818181819,0.897142857142857,0.22857142857142876,0.952,0.2560000000000003,0.9600000000000002,0.0,0.8971428571428572,1
0.12436363636363645,0.16914285714285704,0.6691428571428567,0.2911999999999999,0.7034666666666671,0.464888888888889,0.5964444444444443,0.1691428571428572,0
0.08581818181818185,0.13485714285714295,0.9879999999999993,0.25173333333333325,0.9925333333333337,0.4195555555555555,0.9875555555555553,0.1348571428571428,0
0.7061818181818182,0.5017142857142858,0.3937142857142857,0.6186666666666665,0.43413333333333337,0.8062222222222224,0.05688888888888882,0.5017142857142858,1
0.7607272727272729,0.5588571428571429,0.4222857142857146,0.6853333333333331,0.46080000000000043,0.8284444444444445,0.10133333333333322,0.5588571428571429,1
0.7345454545454547,0.5314285714285715,0.40857142857142836,0.6533333333333333,0.44799999999999995,0.8177777777777778,0.0799999999999999,0.5314285714285713,1
0.642909090909091,0.4354285714285714,0.36057142857142865,0.5413333333333332,0.4032000000000001,0.7804444444444446,0.005333333333333301,0.4354285714285713,1
0.738909090909091,0.536,0.4108571428571425,0.6586666666666666,0.45013333333333305,0.8195555555555556,0.08355555555555544,0.5360000000000001,1
0.9365818181818183,0.7508571428571429,0.04571428571428571,0.8837333333333333,0.051200000000000134,0.9031111111111112,0.0,0.7508571428571429,1
0.6130909090909091,0.4194285714285714,0.6337142857142856,0.5247999999999999,0.6581333333333333,0.7635555555555557,0.5342222222222222,0.4194285714285716,1
0.32218181818181824,0.305142857142857,0.5194285714285717,0.41813333333333325,0.551466666666667,0.5857777777777778,0.26755555555555544,0.3051428571428571,1
0.7127272727272729,0.5085714285714287,0.39714285714285724,0.6266666666666666,0.43733333333333346,0.8088888888888891,0.06222222222222218,0.5085714285714285,1
0.20727272727272728,0.23428571428571435,0.7342857142857142,0.35199999999999987,0.7946666666666667,0.5155555555555557,0.6977777777777776,0.23428571428571435,0
0.6952727272727273,0.4902857142857143,0.38800000000000007,0.6053333333333333,0.4288000000000002,0.8017777777777778,0.04799999999999993,0.49028571428571416,1
0.8305454545454547,0.6319999999999999,0.45885714285714324,0.7706666666666666,0.4949333333333338,0.856888888888889,0.15822222222222215,0.6320000000000001,1
0.5665454545454546,0.4011428571428571,0.6154285714285713,0.5077333333333333,0.6410666666666667,0.7351111111111112,0.4915555555555555,0.4011428571428573,1
0.05818181818181822,0.09142857142857147,0.9228571428571428,0.17066666666666658,0.9520000000000001,0.28444444444444444,0.9199999999999997,0.09142857142857147,0
0.9610181818181818,0.846857142857143,0.1657142857142852,0.9285333333333332,0.18560000000000043,0.9404444444444444,0.0,0.8468571428571428,1
0.9761454545454546,0.9062857142857141,0.23999999999999988,0.9562666666666666,0.2687999999999998,0.9635555555555557,0.0,0.9062857142857141,1
0.13163636363636372,0.17485714285714285,0.6748571428571423,0.2965333333333333,0.7114666666666665,0.4693333333333335,0.6053333333333333,0.17485714285714277,0
0.0938181818181818,0.14514285714285713,0.6451428571428568,0.26879999999999993,0.6698666666666668,0.44622222222222224,0.559111111111111,0.14514285714285707,0
0.013090909090909042,0.020571428571428574,0.8165714285714285,0.03839999999999988,0.8858666666666665,0.06400000000000006,0.8097777777777777,0.020571428571428574,0
0.2567272727272727,0.27314285714285724,0.7731428571428569,0.3882666666666666,0.8490666666666669,0.5457777777777779,0.7582222222222221,0.2731428571428572,0
0.9482181818181818,0.7965714285714286,0.1028571428571427,0.9050666666666666,0.11519999999999964,0.920888888888889,0.0,0.7965714285714284,1
0.6690909090909092,0.46285714285714286,0.3742857142857139,0.5733333333333333,0.4159999999999997,0.7911111111111111,0.026666666666666616,0.4628571428571429,1
0.08872727272727282,0.1394285714285715,0.9948571428571424,0.2602666666666666,0.9967999999999999,0.4337777777777777,0.9946666666666666,0.1394285714285715,0
0.13018181818181812,0.1737142857142856,0.6737142857142857,0.2954666666666666,0.7098666666666664,0.46844444444444444,0.6035555555555555,0.17371428571428565,0
0.9749818181818182,0.9017142857142856,0.23428571428571432,0.9541333333333333,0.26240000000000047,0.9617777777777778,0.0,0.9017142857142857,1
0.9709090909090912,0.8857142857142856,0.21428571428571425,0.9466666666666665,0.23999999999999966,0.9555555555555557,0.0,0.8857142857142857,1
0.0516363636363637,0.08114285714285707,0.9074285714285708,0.15146666666666664,0.9423999999999997,0.2524444444444445,0.9039999999999998,0.08114285714285724,0
0.06400000000000006,0.10057142857142864,0.9365714285714279,0.1877333333333333,0.9605333333333335,0.3128888888888889,0.9342222222222221,0.1005714285714287,0
0.2,0.2285714285714285,0.7285714285714286,0.34666666666666657,0.7866666666666664,0.5111111111111112,0.6888888888888888,0.22857142857142856,0
0.24945454545454546,0.26742857142857135,0.7674285714285712,0.38293333333333324,0.8410666666666666,0.5413333333333334,0.7493333333333332,0.26742857142857135,0
0.05527272727272725,0.08685714285714291,0.9159999999999997,0.1621333333333333,0.9477333333333329,0.2702222222222222,0.9128888888888886,0.0868571428571428,0
0.9953454545454548,0.9817142857142858,0.33428571428571474,0.9914666666666665,0.37439999999999996,0.9928888888888892,0.0,0.9817142857142857,1
0.0429090909090909,0.06742857142857134,0.8868571428571425,0.12586666666666657,0.9296000000000002,0.20977777777777779,0.8826666666666665,0.0674285714285714,0
0.9604363636363638,0.8445714285714288,0.16285714285714292,0.9274666666666664,0.18240000000000034,0.9395555555555557,0.0,0.8445714285714285,1
0.39200000000000007,0.33257142857142846,0.5468571428571432,0.4437333333333333,0.5770666666666671,0.6284444444444446,0.3315555555555555,0.3325714285714286,1
0.08800000000000008,0.13828571428571423,0.9931428571428567,0.25813333333333327,0.9957333333333338,0.4302222222222223,0.9928888888888887,0.1382857142857144,0
0.4938181818181818,0.3725714285714286,0.5868571428571423,0.48106666666666653,0.6143999999999996,0.6906666666666668,0.42488888888888876,0.37257142857142855,1
0.7105454545454546,0.5062857142857143,0.3959999999999997,0.6239999999999999,0.43626666666666647,0.808,0.06044444444444441,0.5062857142857142,1
0.5054545454545455,0.3771428571428572,0.5914285714285714,0.48533333333333323,0.6186666666666667,0.6977777777777779,0.4355555555555555,0.3771428571428572,1
0.5840000000000002,0.408,0.6222857142857144,0.5141333333333332,0.6474666666666669,0.7457777777777779,0.5075555555555554,0.40800000000000003,1
0.990109090909091,0.9611428571428571,0.308571428571428,0.9818666666666667,0.34559999999999985,0.9848888888888889,0.0,0.9611428571428571,1
0.7847272727272727,0.5839999999999999,0.43485714285714233,0.7146666666666666,0.4725333333333329,0.8382222222222223,0.12088888888888882,0.5839999999999999,1
0.14327272727272733,0.184,0.6839999999999994,0.30506666666666665,0.724266666666667,0.47644444444444445,0.6195555555555554,0.1839999999999999,0
0.9616000000000002,0.8491428571428572,0.16857142857142848,0.9295999999999998,0.18879999999999958,0.9413333333333334,0.0,0.849142857142857,1
0.16509090909090907,0.20114285714285704,0.7011428571428572,0.3210666666666666,0.7482666666666669,0.489777777777778,0.646222222222222,0.20114285714285712,0
0.22472727272727278,0.24800000000000005,0.7479999999999994,0.3647999999999999,0.8138666666666665,0.5262222222222225,0.719111111111111,0.24799999999999997,0
0.11272727272727284,0.15999999999999986,0.6599999999999995,0.2826666666666666,0.6906666666666667,0.45777777777777773,0.5822222222222221,0.16000000000000003,0
0.33381818181818185,0.3097142857142856,0.5239999999999998,0.42239999999999994,0.5557333333333332,0.5928888888888891,0.27822222222222215,0.30971428571428583,1
0.9633454545454545,0.8560000000000001,0.17714285714285738,0.9327999999999999,0.19839999999999997,0.9440000000000002,0.0,0.8559999999999998,1
0.9773090909090909,0.9108571428571428,0.2457142857142855,0.9583999999999999,0.2752,0.9653333333333334,0.0,0.9108571428571426,1
0.6800000000000002,0.4742857142857143,0.37999999999999945,0.5866666666666667,0.4213333333333329,0.7955555555555556,0.03555555555555551,0.4742857142857141,1
0.3861818181818181,0.3302857142857142,0.5445714285714282,0.44159999999999994,0.574933333333333,0.624888888888889,0.32622222222222214,0.33028571428571435,1
0.08654545454545454,0.13599999999999995,0.9897142857142851,0.2538666666666666,0.9935999999999997,0.4231111111111113,0.9893333333333332,0.13599999999999995,0
0.2698181818181819,0.28342857142857136,0.7834285714285715,0.3978666666666666,0.8634666666666665,0.5537777777777779,0.774222222222222,0.2834285714285715,0
0.7803636363636365,0.5794285714285713,0.4325714285714283,0.7093333333333333,0.4703999999999998,0.8364444444444445,0.11733333333333329,0.5794285714285714,1
0.13599999999999995,0.1782857142857142,0.6782857142857138,0.2997333333333333,0.7162666666666666,0.472,0.6106666666666666,0.17828571428571435,0
0.7694545454545454,0.5680000000000001,0.4268571428571427,0.6959999999999998,0.46506666666666663,0.8320000000000001,0.10844444444444434,0.5679999999999998,1
0.18981818181818183,0.2205714285714286,0.720571428571428,0.3391999999999999,0.775466666666667,0.5048888888888889,0.6764444444444444,0.22057142857142853,0
0.14472727272727276,0.18514285714285703,0.6851428571428569,0.3061333333333333,0.725866666666667,0.4773333333333335,0.6213333333333332,0.18514285714285705,0
0.1680000000000001,0.20342857142857132,0.7034285714285712,0.32319999999999993,0.7514666666666671,0.49155555555555575,0.6497777777777776,0.20342857142857138,0
0.1592727272727273,0.19657142857142848,0.6965714285714281,0.31679999999999997,0.7418666666666667,0.4862222222222222,0.639111111111111,0.19657142857142865,0
0.9924363636363638,0.9702857142857142,0.32000000000000023,0.9861333333333333,0.35840000000000033,0.9884444444444447,0.0,0.970285714285714,1
0.616,0.42057142857142865,0.6348571428571431,0.5258666666666666,0.6592000000000003,0.7653333333333334,0.5368888888888887,0.4205714285714285,1
0.9627636363636365,0.8537142857142859,0.1742857142857141,0.9317333333333332,0.19519999999999987,0.9431111111111112,0.0,0.8537142857142855,1
0.22763636363636375,0.25028571428571433,0.7502857142857144,0.3669333333333332,0.8170666666666666,0.5280000000000002,0.7226666666666666,0.2502857142857142,0
0.9947636363636365,0.9794285714285713,0.3314285714285714,0.9904,0.37119999999999986,0.9920000000000001,0.0,0.9794285714285714,1
0.28727272727272724,0.29142857142857126,0.5057142857142854,0.40533333333333327,0.5386666666666665,0.5644444444444446,0.2355555555555555,0.2914285714285715,1
0.45309090909090916,0.3565714285714286,0.5708571428571431,0.4661333333333333,0.5994666666666669,0.6657777777777777,0.3875555555555555,0.35657142857142843,1
0.11854545454545456,0.16457142857142845,0.6645714285714286,0.28693333333333326,0.6970666666666668,0.4613333333333335,0.5893333333333333,0.1645714285714285,0
0.8414545454545457,0.6434285714285713,0.4645714285714288,0.7839999999999998,0.500266666666667,0.8613333333333335,0.16711111111111104,0.6434285714285712,1
0.7476363636363638,0.5451428571428573,0.4154285714285715,0.6693333333333331,0.4544000000000002,0.8231111111111113,0.09066666666666656,0.545142857142857,1
0.5694545454545454,0.40228571428571436,0.6165714285714288,0.5087999999999999,0.6421333333333337,0.7368888888888889,0.4942222222222222,0.4022857142857142,1
0.20581818181818184,0.2331428571428571,0.7331428571428567,0.3509333333333332,0.7930666666666667,0.5146666666666666,0.696,0.23314285714285704,0
0.0072727272727272085,0.011428571428571455,0.8028571428571423,0.021333333333333315,0.8773333333333331,0.03555555555555556,0.7955555555555555,0.011428571428571399,0
0.07127272727272732,0.11200000000000004,0.9537142857142857,0.20906666666666662,0.9711999999999998,0.34844444444444467,0.9519999999999997,0.1120000000000001,0
0.8938181818181818,0.6982857142857142,0.49200000000000027,0.8479999999999999,0.525866666666667,0.8826666666666667,0.2097777777777777,0.6982857142857142,1
0.12290909090909091,0.16799999999999998,0.6680000000000001,0.29013333333333324,0.7018666666666671,0.46399999999999997,0.5946666666666666,0.16800000000000007,0
0.016727272727272813,0.02628571428571419,0.8251428571428574,0.04906666666666665,0.8911999999999997,0.08177777777777773,0.8186666666666667,0.026285714285714357,0
0.8370909090909093,0.6388571428571428,0.4622857142857138,0.7786666666666666,0.498133333333333,0.8595555555555559,0.16355555555555548,0.6388571428571428,1
0.17818181818181816,0.21142857142857147,0.7114285714285709,0.33066666666666666,0.7626666666666665,0.497777777777778,0.662222222222222,0.21142857142857138,0
0.0901818181818182,0.14171428571428585,0.998285714285714,0.2645333333333333,0.9989333333333329,0.44088888888888905,0.9982222222222221,0.14171428571428574,0
0.11418181818181822,0.16114285714285714,0.661142857142857,0.2837333333333333,0.6922666666666667,0.4586666666666668,0.5839999999999999,0.16114285714285714,0
0.9883636363636366,0.9542857142857142,0.30000000000000016,0.9786666666666666,0.33600000000000046,0.9822222222222223,0.0,0.9542857142857144,1
0.05018181818181816,0.07885714285714279,0.9040000000000002,0.14719999999999994,0.9402666666666666,0.24533333333333351,0.9004444444444442,0.07885714285714279,0
0.03563636363636369,0.05599999999999994,0.8697142857142857,0.10453333333333326,0.9189333333333337,0.1742222222222224,0.8648888888888888,0.055999999999999994,0
0.8654545454545455,0.6685714285714285,0.47714285714285753,0.8133333333333332,0.5120000000000005,0.8711111111111113,0.1866666666666666,0.6685714285714287,1
0.42109090909090907,0.3439999999999999,0.5582857142857144,0.45439999999999997,0.5877333333333336,0.6462222222222223,0.35822222222222216,0.344,1
0.29600000000000004,0.2948571428571428,0.509142857142857,0.40853333333333325,0.5418666666666667,0.5697777777777778,0.2435555555555555,0.2948571428571429,1
0.9424,0.7737142857142858,0.07428571428571473,0.8943999999999999,0.08320000000000038,0.9120000000000003,0.0,0.7737142857142856,1
0.14036363636363636,0.18171428571428572,0.6817142857142854,0.3029333333333333,0.7210666666666669,0.4746666666666667,0.6159999999999999,0.1817142857142857,0
0.6756363636363636,0.46971428571428575,0.37771428571428545,0.5813333333333333,0.4191999999999998,0.7937777777777778,0.03199999999999992,0.46971428571428564,1
0.328,0.3074285714285713,0.5217142857142858,0.4202666666666666,0.5536000000000001,0.5893333333333334,0.27288888888888885,0.30742857142857133,1
0.9860363636363636,0.9451428571428571,0.288571428571429,0.9743999999999999,0.32319999999999993,0.9786666666666669,0.0,0.945142857142857,1
0.34254545454545465,0.31314285714285717,0.5274285714285714,0.4255999999999999,0.5589333333333334,0.5982222222222223,0.28622222222222216,0.31314285714285717,1
0.9895272727272728,0.9588571428571429,0.3057142857142857,0.9807999999999999,0.3423999999999997,0.9840000000000001,0.0,0.9588571428571429,1
0.28436363636363643,0.29028571428571426,0.504571428571428,0.4042666666666666,0.5375999999999995,0.5626666666666666,0.23288888888888884,0.29028571428571415,1
0.2581818181818183,0.27428571428571424,0.7742857142857144,0.38933333333333325,0.8506666666666669,0.5466666666666666,0.7599999999999999,0.2742857142857143,0
0.8130909090909092,0.6137142857142857,0.44971428571428607,0.7493333333333332,0.48640000000000044,0.8497777777777777,0.14399999999999996,0.6137142857142858,1
0.028363636363636424,0.044571428571428484,0.852571428571429,0.08319999999999994,0.9082666666666663,0.1386666666666666,0.8471111111111109,0.04457142857142865,0
0.09236363636363631,0.14399999999999985,0.6440000000000002,0.26773333333333327,0.6682666666666667,0.4453333333333336,0.5573333333333332,0.14399999999999996,0
0.07563636363636361,0.118857142857143,0.9639999999999994,0.22186666666666666,0.9776,0.36977777777777787,0.9626666666666666,0.11885714285714277,0
0.03418181818181826,0.0537142857142856,0.8662857142857141,0.10026666666666662,0.9167999999999996,0.16711111111111104,0.8613333333333332,0.05371428571428577,0
0.7040000000000001,0.49942857142857144,0.3925714285714281,0.6159999999999999,0.4330666666666664,0.8053333333333333,0.055111111111111055,0.4994285714285715,1
0.3367272727272728,0.31085714285714283,0.5251428571428574,0.4234666666666666,0.5568000000000003,0.5946666666666669,0.2808888888888888,0.3108571428571429,1
0.9296000000000001,0.7234285714285714,0.011428571428571233,0.8709333333333332,0.01279999999999959,0.8924444444444445,0.0,0.7234285714285711,1
0.6450909090909093,0.4377142857142857,0.3617142857142851,0.5439999999999999,0.4042666666666662,0.7813333333333333,0.007111111111111068,0.4377142857142855,1
0.014545454545454528,0.022857142857142854,0.8200000000000001,0.042666666666666575,0.8879999999999995,0.07111111111111124,0.8133333333333332,0.022857142857142798,0
0.03927272727272718,0.06171428571428572,0.8782857142857146,0.11519999999999991,0.924266666666667,0.19200000000000006,0.8737777777777777,0.06171428571428561,0
0.9866181818181818,0.9474285714285713,0.29142857142857126,0.9754666666666666,0.3264000000000001,0.9795555555555557,0.0,0.9474285714285713,1
0.27854545454545454,0.288,0.5022857142857139,0.40213333333333323,0.5354666666666664,0.5591111111111111,0.22755555555555548,0.2879999999999999,1
0.9313454545454547,0.7302857142857143,0.02000000000000013,0.8741333333333331,0.022399999999999864,0.8951111111111112,0.0,0.7302857142857143,1
0.9819636363636364,0.929142857142857,0.26857142857142885,0.9669333333333332,0.30080000000000007,0.9724444444444447,0.0,0.9291428571428569,1
0.10690909090909101,0.1554285714285713,0.6554285714285715,0.2784,0.6842666666666664,0.45422222222222225,0.575111111111111,0.15542857142857136,0
0.6043636363636363,0.4160000000000001,0.630285714285714,0.5216,0.6549333333333331,0.7582222222222225,0.5262222222222221,0.41600000000000004,1
0.8043636363636364,0.6045714285714284,0.445142857142857,0.7386666666666666,0.4821333333333333,0.8462222222222223,0.13688888888888884,0.6045714285714284,1
0.05309090909090913,0.08342857142857135,0.9108571428571424,0.15573333333333333,0.9445333333333337,0.25955555555555576,0.9075555555555553,0.08342857142857146,0
0.12145454545454543,0.16685714285714273,0.6668571428571426,0.28906666666666664,0.700266666666667,0.46311111111111125,0.5928888888888888,0.16685714285714295,0
0.026909090909090883,0.042285714285714204,0.8491428571428574,0.0789333333333333,0.9061333333333332,0.13155555555555565,0.8435555555555554,0.042285714285714204,0
0.6734545454545456,0.4674285714285714,0.3765714285714289,0.5786666666666666,0.4181333333333337,0.7928888888888892,0.030222222222222206,0.46742857142857136,1
0.08436363636363636,0.13257142857142867,0.9845714285714289,0.24746666666666656,0.9903999999999996,0.41244444444444456,0.9839999999999998,0.13257142857142862,0
0.03127272727272723,0.049142857142857044,0.859428571428571,0.09173333333333333,0.9125333333333334,0.1528888888888888,0.854222222222222,0.0491428571428571,0
0.4094545454545454,0.3394285714285713,0.5537142857142853,0.4501333333333333,0.5834666666666664,0.6391111111111113,0.3475555555555555,0.33942857142857147,1
0.1505454545454546,0.1897142857142856,0.689714285714286,0.3104,0.7322666666666663,0.480888888888889,0.6284444444444444,0.18971428571428572,0
0.013818181818181785,0.02171428571428563,0.8182857142857143,0.040533333333333255,0.8869333333333335,0.06755555555555559,0.8115555555555554,0.021714285714285686,0
0.025454545454545452,0.039999999999999925,0.8457142857142859,0.0746666666666666,0.9040000000000001,0.12444444444444436,0.8399999999999999,0.03999999999999998,0
0.9912727272727273,0.9657142857142857,0.3142857142857146,0.984,0.3520000000000001,0.9866666666666669,0.0,0.9657142857142855,1
0.02618181818181814,0.04114285714285715,0.8474285714285716,0.07679999999999998,0.9050666666666662,0.1280000000000001,0.8417777777777776,0.04114285714285709,0
0.9854545454545456,0.9428571428571428,0.28571428571428564,0.9733333333333334,0.3199999999999998,0.9777777777777779,0.0,0.9428571428571427,1
0.16072727272727283,0.19771428571428576,0.6977142857142856,0.31786666666666663,0.7434666666666667,0.4871111111111112,0.6408888888888887,0.19771428571428576,0
0.6276363636363637,0.42514285714285727,0.6394285714285712,0.5301333333333332,0.6634666666666665,0.7724444444444446,0.5475555555555555,0.425142857142857,1
0.9371636363636364,0.7531428571428571,0.04857142857142904,0.8847999999999998,0.054400000000000226,0.9040000000000002,0.0,0.7531428571428571,1
0.6472727272727272,0.44,0.36285714285714266,0.5466666666666665,0.4053333333333332,0.7822222222222224,0.008888888888888835,0.4400000000000001,1
0.6305454545454547,0.42628571428571427,0.6405714285714287,0.5311999999999999,0.6645333333333335,0.7742222222222224,0.5502222222222222,0.4262857142857143,1
0.9808000000000001,0.9245714285714284,0.2628571428571433,0.9647999999999999,0.2943999999999998,0.970666666666667,0.0,0.9245714285714285,1
0.0472727272727273,0.07428571428571423,0.8971428571428571,0.1386666666666666,0.9360000000000004,0.23111111111111132,0.8933333333333331,0.07428571428571429,0
0.6669090909090911,0.4605714285714286,0.37314285714285733,0.5706666666666667,0.4149333333333336,0.7902222222222224,0.024888888888888794,0.4605714285714287,1
0.27127272727272733,0.2845714285714287,0.784571428571428,0.39893333333333325,0.8650666666666667,0.5546666666666666,0.7759999999999998,0.2845714285714286,0
0.07200000000000001,0.1131428571428571,0.9554285714285715,0.2112,0.9722666666666668,0.35200000000000015,0.9537777777777776,0.11314285714285716,0
0.057454545454545425,0.09028571428571419,0.921142857142857,0.16853333333333326,0.950933333333333,0.28088888888888897,0.918222222222222,0.09028571428571419,0
0.24363636363636362,0.2628571428571428,0.7628571428571431,0.3786666666666666,0.8346666666666663,0.5377777777777779,0.7422222222222221,0.2628571428571429,0
0.958690909090909,0.8377142857142859,0.15428571428571403,0.9242666666666666,0.17279999999999995,0.9368888888888889,0.0,0.8377142857142854,1
0.4589090909090909,0.3588571428571429,0.5731428571428571,0.4682666666666665,0.6016,0.6693333333333336,0.3928888888888888,0.3588571428571429,1
0.7323636363636364,0.5291428571428572,0.4074285714285709,0.6506666666666665,0.4469333333333329,0.8168888888888891,0.07822222222222214,0.529142857142857,1
0.02400000000000002,0.037714285714285645,0.8422857142857143,0.07039999999999996,0.901866666666667,0.1173333333333334,0.8364444444444443,0.0377142857142857,0
0.17236363636363633,0.2068571428571429,0.7068571428571427,0.3264,0.7562666666666662,0.49422222222222223,0.655111111111111,0.2068571428571429,0
0.7760000000000002,0.5748571428571427,0.43028571428571427,0.704,0.4682666666666667,0.8346666666666668,0.1137777777777777,0.574857142857143,1
0.9872000000000003,0.9497142857142857,0.29428571428571454,0.9765333333333333,0.3296000000000002,0.9804444444444447,0.0,0.9497142857142855,1
0.6407272727272727,0.4331428571428571,0.3594285714285711,0.5386666666666666,0.4021333333333331,0.7795555555555556,0.0035555555555554785,0.433142857142857,1
0.9784727272727274,0.9154285714285713,0.2514285714285711,0.9605333333333332,0.2816000000000003,0.9671111111111111,0.0,0.9154285714285716,1
0.35418181818181826,0.3177142857142857,0.5319999999999994,0.4298666666666666,0.5631999999999996,0.6053333333333333,0.2968888888888888,0.3177142857142856,1
0.9936,0.9748571428571429,0.32571428571428584,0.9882666666666666,0.3647999999999996,0.9902222222222223,0.0,0.9748571428571429,1
0.36290909090909085,0.321142857142857,0.5354285714285709,0.4330666666666666,0.5663999999999997,0.6106666666666668,0.3048888888888888,0.3211428571428572,1
0.6843636363636365,0.47885714285714287,0.38228571428571445,0.592,0.42346666666666694,0.7973333333333333,0.03911111111111104,0.478857142857143,1
0.02763636363636368,0.04342857142857143,0.8508571428571432,0.08106666666666668,0.9072000000000002,0.13511111111111113,0.8453333333333332,0.04342857142857154,0
0.8523636363636364,0.6548571428571428,0.4702857142857144,0.7973333333333332,0.5056000000000003,0.8657777777777778,0.17599999999999996,0.6548571428571428,1
0.36,0.32,0.5342857142857145,0.43199999999999994,0.5653333333333336,0.6088888888888891,0.30222222222222217,0.32000000000000006,1
0.07345454545454544,0.11542857142857138,0.9588571428571431,0.21546666666666658,0.9743999999999999,0.3591111111111111,0.9573333333333331,0.11542857142857138,0
0.5461818181818183,0.39314285714285724,0.6074285714285717,0.5002666666666665,0.6336000000000003,0.7226666666666667,0.4728888888888888,0.39314285714285707,1
0.7650909090909092,0.5634285714285715,0.4245714285714287,0.6906666666666665,0.46293333333333353,0.8302222222222223,0.10488888888888881,0.5634285714285714,1
0.5752727272727274,0.40457142857142864,0.6188571428571429,0.5109333333333332,0.6442666666666668,0.7404444444444443,0.49955555555555553,0.40457142857142847,1
0.7432727272727273,0.5405714285714287,0.4131428571428575,0.6639999999999999,0.45226666666666704,0.8213333333333332,0.08711111111111103,0.5405714285714286,1
0.9906909090909093,0.9634285714285713,0.31142857142857133,0.9829333333333332,0.3488,0.9857777777777779,0.0,0.9634285714285713,1
0.11709090909090908,0.16342857142857142,0.663428571428571,0.2858666666666666,0.6954666666666668,0.4604444444444445,0.5875555555555555,0.16342857142857142,0
0.23636363636363641,0.25714285714285723,0.7571428571428566,0.37333333333333324,0.826666666666667,0.5333333333333334,0.7333333333333332,0.2571428571428571,0
0.08145454545454545,0.1280000000000001,0.9777142857142858,0.23893333333333322,0.9861333333333334,0.3982222222222223,0.9768888888888887,0.1279999999999999,0
0.46181818181818196,0.35999999999999993,0.5742857142857146,0.4693333333333332,0.6026666666666671,0.6711111111111112,0.3955555555555555,0.36,1
0.5083636363636364,0.3782857142857142,0.592571428571429,0.4863999999999999,0.6197333333333338,0.6995555555555557,0.4382222222222221,0.37828571428571434,1
0.8981818181818184,0.7028571428571428,0.49428571428571433,0.8533333333333333,0.5280000000000001,0.8844444444444445,0.21333333333333324,0.7028571428571426,1
0.17672727272727273,0.2102857142857142,0.7102857142857143,0.3296,0.7610666666666664,0.49688888888888894,0.6604444444444444,0.21028571428571427,0
0.6516363636363638,0.44457142857142856,0.36514285714285666,0.5519999999999998,0.4074666666666663,0.7840000000000001,0.01244444444444437,0.4445714285714286,1
0.9025454545454547,0.7074285714285713,0.49657142857142833,0.8586666666666665,0.5301333333333332,0.8862222222222222,0.2168888888888888,0.7074285714285715,1
0.8458181818181818,0.6479999999999999,0.46685714285714286,0.7893333333333332,0.5024000000000001,0.8631111111111113,0.1706666666666666,0.6480000000000001,1
0.9563636363636363,0.8285714285714286,0.1428571428571428,0.9199999999999999,0.16000000000000042,0.9333333333333335,0.0,0.8285714285714285,1
0.9970909090909092,0.9885714285714284,0.3428571428571426,0.9946666666666666,0.38400000000000034,0.9955555555555555,0.0,0.9885714285714283,1
0.7367272727272727,0.5337142857142858,0.4097142857142859,0.6559999999999999,0.44906666666666695,0.8186666666666669,0.08177777777777767,0.5337142857142858,1
0.1665454545454545,0.20228571428571432,0.7022857142857137,0.3221333333333333,0.7498666666666669,0.4906666666666667,0.6479999999999999,0.20228571428571424,0
0.1883636363636364,0.21942857142857133,0.7194285714285715,0.3381333333333332,0.7738666666666669,0.5040000000000002,0.6746666666666665,0.21942857142857142,0
0.021090909090908994,0.03314285714285703,0.8354285714285712,0.06186666666666657,0.8976,0.10311111111111115,0.8293333333333333,0.033142857142857085,0
0.9348363636363637,0.744,0.03714285714285681,0.8805333333333331,0.04159999999999975,0.9004444444444445,0.0,0.7440000000000001,1
0.7454545454545456,0.5428571428571429,0.41428571428571404,0.6666666666666665,0.45333333333333314,0.8222222222222223,0.0888888888888888,0.5428571428571428,1
0.6334545454545456,0.42742857142857155,0.6417142857142852,0.5322666666666666,0.6655999999999996,0.7760000000000001,0.5528888888888888,0.4274285714285712,1
0.8327272727272728,0.6342857142857142,0.45999999999999974,0.7733333333333332,0.4959999999999999,0.8577777777777778,0.15999999999999992,0.6342857142857143,1
0.9336727272727274,0.7394285714285714,0.03142857142857125,0.8783999999999998,0.03520000000000045,0.8986666666666667,0.0,0.7394285714285712,1
0.19272727272727275,0.2228571428571429,0.7228571428571431,0.3413333333333332,0.7786666666666671,0.5066666666666666,0.6799999999999999,0.22285714285714278,0
0.49090909090909096,0.37142857142857133,0.5857142857142859,0.47999999999999987,0.6133333333333335,0.688888888888889,0.4222222222222221,0.3714285714285714,1
0.7192727272727274,0.5154285714285715,0.4005714285714288,0.6346666666666665,0.44053333333333367,0.8115555555555556,0.06755555555555548,0.5154285714285716,1
0.26836363636363636,0.28228571428571436,0.782285714285714,0.39679999999999993,0.8618666666666664,0.5528888888888889,0.7724444444444443,0.28228571428571436,0
0.6909090909090909,0.48571428571428577,0.385714285714286,0.5999999999999999,0.4266666666666671,0.8,0.04444444444444434,0.48571428571428565,1
0.5316363636363636,0.38742857142857134,0.6017142857142861,0.4949333333333332,0.6282666666666671,0.713777777777778,0.4595555555555555,0.38742857142857146,1
0.004363636363636403,0.0068571428571428394,0.7960000000000003,0.012800000000000034,0.8730666666666669,0.021333333333333426,0.7884444444444443,0.0068571428571429505,0
0.0807272727272727,0.12685714285714278,0.976,0.2367999999999999,0.9850666666666663,0.39466666666666683,0.975111111111111,0.12685714285714278,0
0.39490909090909093,0.33371428571428574,0.5479999999999997,0.4448,0.5781333333333332,0.6302222222222222,0.33422222222222214,0.3337142857142857,1
0.16363636363636364,0.20000000000000004,0.6999999999999996,0.31999999999999995,0.7466666666666668,0.48888888888888893,0.6444444444444443,0.2,0
0.9003636363636365,0.7051428571428571,0.49542857142857183,0.8559999999999999,0.5290666666666671,0.8853333333333335,0.21511111111111103,0.7051428571428573,1
0.046545454545454557,0.07314285714285718,0.8954285714285714,0.13653333333333323,0.9349333333333334,0.2275555555555555,0.8915555555555553,0.07314285714285718,0
0.04800000000000004,0.07542857142857146,0.8988571428571429,0.14079999999999993,0.9370666666666665,0.23466666666666675,0.895111111111111,0.07542857142857146,0
0.045090909090909015,0.0708571428571429,0.8919999999999998,0.13226666666666664,0.9328000000000003,0.2204444444444445,0.8879999999999999,0.07085714285714279,0
0.9476363636363638,0.7942857142857143,0.10000000000000037,0.9039999999999997,0.11200000000000049,0.9200000000000002,0.0,0.7942857142857142,1
0.44145454545454554,0.35200000000000004,0.566285714285714,0.46186666666666665,0.5951999999999998,0.6586666666666667,0.3768888888888888,0.352,1
0.9813818181818184,0.9268571428571428,0.2657142857142856,0.9658666666666665,0.2975999999999999,0.9715555555555556,0.0,0.9268571428571427,1
0.011636363636363667,0.018285714285714294,0.813142857142857,0.03413333333333329,0.8837333333333333,0.05688888888888888,0.8062222222222222,0.018285714285714294,0
0.9837090909090911,0.9359999999999999,0.27714285714285675,0.9701333333333332,0.3104000000000004,0.9751111111111112,0.0,0.936,1
0.9877818181818183,0.952,0.2971428571428568,0.9776,0.3328000000000003,0.9813333333333334,0.0,0.9519999999999997,1
0.8829090909090911,0.6868571428571428,0.4862857142857147,0.8346666666666666,0.5205333333333337,0.8782222222222222,0.20088888888888884,0.686857142857143,1
0.23199999999999998,0.25371428571428567,0.753714285714286,0.3701333333333332,0.8218666666666669,0.5306666666666666,0.7279999999999999,0.2537142857142858,0
0.2174545454545455,0.24228571428571424,0.7422857142857139,0.3594666666666666,0.8058666666666663,0.5217777777777779,0.7102222222222221,0.2422857142857142,0
0.1970909090909092,0.22628571428571423,0.7262857142857146,0.34453333333333325,0.7834666666666663,0.5093333333333334,0.6853333333333332,0.2262857142857143,0
0.06036363636363634,0.0948571428571428,0.9280000000000002,0.1770666666666666,0.9552000000000003,0.2951111111111112,0.9253333333333331,0.09485714285714286,0
0.8916363636363639,0.696,0.49085714285714277,0.8453333333333333,0.5247999999999999,0.881777777777778,0.20799999999999996,0.696,1
0.9592727272727275,0.8400000000000001,0.1571428571428573,0.9253333333333331,0.17600000000000005,0.9377777777777779,0.0,0.8400000000000001,1
0.40363636363636374,0.337142857142857,0.5514285714285713,0.44799999999999995,0.5813333333333333,0.6355555555555555,0.34222222222222215,0.3371428571428571,1
0.23345454545454558,0.2548571428571429,0.7548571428571426,0.37119999999999986,0.8234666666666669,0.5315555555555557,0.7297777777777776,0.2548571428571429,0
0.1752727272727273,0.20914285714285719,0.7091428571428569,0.32853333333333334,0.7594666666666664,0.4959999999999999,0.6586666666666665,0.20914285714285716,0
0.8850909090909094,0.6891428571428571,0.4874285714285712,0.8373333333333332,0.5215999999999998,0.8791111111111113,0.2026666666666666,0.6891428571428573,1
0.9744000000000002,0.8994285714285712,0.23142857142857098,0.9530666666666665,0.2592000000000004,0.9608888888888889,0.0,0.8994285714285715,1
0.7978181818181818,0.5977142857142856,0.44171428571428545,0.7306666666666666,0.4789333333333332,0.8435555555555555,0.13155555555555548,0.5977142857142858,1
0.5199999999999999,0.3828571428571428,0.597142857142857,0.49066666666666653,0.624,0.7066666666666667,0.4488888888888888,0.3828571428571428,1
0.3163636363636364,0.3028571428571427,0.5171428571428567,0.4159999999999999,0.549333333333333,0.5822222222222224,0.26222222222222213,0.3028571428571429,1
0.6887272727272727,0.48342857142857143,0.3845714285714285,0.5973333333333333,0.4256000000000001,0.7991111111111111,0.042666666666666575,0.48342857142857143,1
0.2552727272727273,0.27199999999999996,0.7720000000000004,0.3871999999999999,0.8474666666666668,0.5448888888888889,0.7564444444444443,0.2720000000000001,0
0.4850909090909093,0.36914285714285705,0.5834285714285717,0.47786666666666655,0.6112000000000004,0.6853333333333335,0.41688888888888875,0.36914285714285716,1
0.06181818181818183,0.09714285714285709,0.9314285714285717,0.18133333333333324,0.9573333333333333,0.30222222222222217,0.9288888888888887,0.09714285714285709,0
0.01963636363636362,0.03085714285714275,0.8319999999999996,0.057599999999999985,0.8954666666666669,0.09599999999999997,0.8257777777777777,0.030857142857142805,0
0.9458909090909092,0.7874285714285715,0.09142857142857147,0.9007999999999998,0.1024000000000001,0.9173333333333334,0.0,0.7874285714285714,1
0.14909090909090916,0.18857142857142858,0.6885714285714285,0.3093333333333333,0.7306666666666662,0.4799999999999999,0.6266666666666665,0.1885714285714286,0
0.37163636363636365,0.32457142857142857,0.5388571428571425,0.43626666666666664,0.5695999999999998,0.6160000000000001,0.31288888888888877,0.3245714285714285,1
0.9662545454545457,0.8674285714285712,0.1914285714285719,0.9381333333333332,0.21439999999999965,0.9484444444444448,0.0,0.8674285714285713,1
0.25090909090909086,0.2685714285714287,0.7685714285714288,0.3839999999999999,0.8426666666666667,0.5422222222222224,0.751111111111111,0.2685714285714285,0
0.4472727272727272,0.3542857142857143,0.5685714285714281,0.46399999999999997,0.5973333333333329,0.6622222222222223,0.38222222222222213,0.3542857142857142,1
0.06254545454545457,0.09828571428571431,0.9331428571428564,0.1834666666666666,0.9584000000000003,0.3057777777777779,0.9306666666666665,0.0982857142857142,0
0.954618181818182,0.8217142857142858,0.1342857142857139,0.9167999999999998,0.15040000000000003,0.9306666666666668,0.0,0.8217142857142858,1
0.24800000000000005,0.26628571428571435,0.7662857142857138,0.3818666666666666,0.8394666666666666,0.5404444444444444,0.7475555555555553,0.26628571428571424,0
0.525818181818182,0.38514285714285706,0.599428571428571,0.4927999999999999,0.6261333333333331,0.7102222222222222,0.45422222222222214,0.385142857142857,1
