Snoring Rate,Respiratory Rate,Body Temperature,Limb Movement,Blood Oxygen,Eye Movement,Sleep Hours,Heart Rate
0.022545454545454646,0.035428571428571365,0.838857142857143,0.06613333333333332,0.8997333333333328,0.110222222222222,0.8328888888888889,0.035428571428571365
0.036363636363636376,0.05714285714285716,0.8714285714285719,0.10666666666666663,0.9199999999999999,0.1777777777777776,0.8666666666666666,0.05714285714285716
0.154909090909091,0.19314285714285728,0.6931428571428562,0.31360000000000005,0.7370666666666663,0.4835555555555555,0.6337777777777777,0.19314285714285706
0.3978181818181816,0.33485714285714274,0.5491428571428569,0.4458666666666667,0.5792000000000002,0.6319999999999999,0.33688888888888885,0.33485714285714274
0.27127272727272733,0.2845714285714287,0.7845714285714278,0.3989333333333333,0.8650666666666664,0.5546666666666664,0.7759999999999999,0.2845714285714285
0.021818181818181848,0.03428571428571425,0.8371428571428572,0.064,0.8986666666666672,0.10666666666666647,0.8311111111111111,0.03428571428571425
0.6930909090909092,0.488,0.3868571428571421,0.6026666666666667,0.4277333333333333,0.8008888888888888,0.04622222222222222,0.48799999999999977
0.08436363636363642,0.13257142857142878,0.9845714285714289,0.24746666666666667,0.9903999999999993,0.4124444444444444,0.984,0.13257142857142856
0.5840000000000001,0.4079999999999999,0.6222857142857148,0.5141333333333333,0.6474666666666664,0.7457777777777777,0.5075555555555555,0.4079999999999999
0.01090909090909098,0.017142857142857126,0.8114285714285714,0.03200000000000003,0.8826666666666663,0.05333333333333323,0.8044444444444444,0.017142857142857126
0.0516363636363637,0.08114285714285718,0.9074285714285706,0.1514666666666667,0.9423999999999992,0.25244444444444425,0.9039999999999999,0.08114285714285718
0.018181818181818188,0.02857142857142847,0.8285714285714283,0.053333333333333344,0.8933333333333335,0.0888888888888888,0.8222222222222222,0.02857142857142847
0.5083636363636364,0.3782857142857141,0.5925714285714285,0.4864,0.6197333333333335,0.6995555555555555,0.4382222222222222,0.37828571428571434
0.12436363636363645,0.16914285714285704,0.669142857142857,0.29120000000000007,0.7034666666666674,0.4648888888888889,0.5964444444444444,0.16914285714285704
0.43854545454545457,0.35085714285714276,0.5651428571428578,0.46080000000000004,0.5941333333333336,0.6568888888888889,0.3742222222222222,0.35085714285714276
0.9423999999999999,0.7737142857142858,0.07428571428571473,0.8944000000000001,0.08319999999999972,0.9119999999999999,0.0,0.7737142857142854
0.552,0.39542857142857146,0.6097142857142854,0.5024,0.6357333333333335,0.7262222222222223,0.4782222222222222,0.39542857142857146
0.002909090909090861,0.004571428571428671,0.7925714285714287,0.008533333333333337,0.8709333333333324,0.014222222222222136,0.7848888888888889,0.004571428571428449
0.9784727272727274,0.9154285714285715,0.2514285714285709,0.9605333333333335,0.2816000000000001,0.967111111111111,0.0,0.9154285714285717
0.08945454545454545,0.14057142857142857,0.9965714285714284,0.2624,0.9978666666666669,0.43733333333333335,0.9964444444444444,0.14057142857142857
0.25963636363636367,0.2754285714285716,0.7754285714285709,0.3904,0.852266666666667,0.5475555555555556,0.7617777777777778,0.27542857142857136
0.23199999999999998,0.2537142857142858,0.7537142857142864,0.37013333333333326,0.8218666666666667,0.5306666666666664,0.7279999999999999,0.2537142857142858
0.04800000000000004,0.0754285714285714,0.8988571428571426,0.14079999999999998,0.9370666666666665,0.23466666666666658,0.895111111111111,0.0754285714285714
0.13018181818181818,0.1737142857142857,0.6737142857142855,0.2954666666666667,0.7098666666666666,0.4684444444444442,0.6035555555555555,0.1737142857142855
0.7345454545454546,0.5314285714285716,0.40857142857142836,0.6533333333333333,0.4479999999999995,0.8177777777777777,0.07999999999999999,0.5314285714285711
0.0,0.0,0.7857142857142856,0.0,0.8666666666666663,0.0,0.7777777777777777,0.0
0.9394909090909089,0.7622857142857142,0.0600000000000005,0.8890666666666667,0.0671999999999997,0.9075555555555557,0.0,0.7622857142857142
0.8,0.5999999999999999,0.44285714285714306,0.7333333333333334,0.4800000000000004,0.8444444444444446,0.13333333333333333,0.5999999999999999
0.8589090909090908,0.6617142857142857,0.4737142857142862,0.8053333333333332,0.5087999999999999,0.8684444444444441,0.18133333333333332,0.6617142857142857
0.9272727272727272,0.7142857142857142,0.0,0.8666666666666667,0.0,0.8888888888888888,0.0,0.7142857142857142
0.7825454545454547,0.5817142857142856,0.43371428571428616,0.712,0.47146666666666626,0.8373333333333335,0.11911111111111111,0.5817142857142856
0.26836363636363636,0.2822857142857145,0.782285714285714,0.3968,0.8618666666666659,0.5528888888888888,0.7724444444444444,0.28228571428571425
0.7280000000000002,0.5245714285714287,0.4051428571428568,0.6453333333333333,0.44479999999999986,0.8151111111111113,0.07466666666666667,0.5245714285714285
0.3949090909090909,0.33371428571428563,0.548,0.44480000000000003,0.5781333333333327,0.6302222222222222,0.3342222222222222,0.33371428571428563
0.0174545454545455,0.027428571428571358,0.8268571428571425,0.05119999999999997,0.8922666666666661,0.08533333333333326,0.8204444444444444,0.027428571428571358
0.03563636363636369,0.05599999999999983,0.8697142857142861,0.10453333333333331,0.9189333333333334,0.17422222222222228,0.8648888888888888,0.05600000000000005
0.4443636363636363,0.353142857142857,0.5674285714285716,0.46293333333333336,0.5962666666666667,0.6604444444444444,0.37955555555555553,0.353142857142857
0.6014545454545455,0.4148571428571428,0.6291428571428579,0.5205333333333333,0.6538666666666666,0.7564444444444445,0.5235555555555556,0.4148571428571426
0.9464727272727271,0.7897142857142858,0.09428571428571342,0.9018666666666666,0.10559999999999992,0.918222222222222,0.0,0.7897142857142858
0.3192727272727274,0.30400000000000005,0.5182857142857138,0.41706666666666664,0.5503999999999998,0.5839999999999999,0.26488888888888884,0.3039999999999998
0.965090909090909,0.8628571428571425,0.18571428571428505,0.9359999999999999,0.20800000000000018,0.9466666666666663,0.0,0.8628571428571428
0.19127272727272726,0.22171428571428575,0.7217142857142855,0.34026666666666666,0.7770666666666672,0.5057777777777779,0.6782222222222222,0.22171428571428553
0.6363636363636365,0.4285714285714286,0.6428571428571423,0.5333333333333334,0.6666666666666661,0.7777777777777777,0.5555555555555556,0.4285714285714284
0.12145454545454548,0.16685714285714282,0.6668571428571424,0.28906666666666664,0.7002666666666668,0.46311111111111103,0.5928888888888889,0.16685714285714282
0.07999999999999996,0.1257142857142859,0.9742857142857142,0.23466666666666663,0.984,0.39111111111111097,0.9733333333333333,0.12571428571428567
0.6887272727272726,0.48342857142857154,0.38457142857142834,0.5973333333333333,0.4256000000000002,0.7991111111111109,0.042666666666666665,0.4834285714285713
0.9825454545454546,0.9314285714285715,0.27142857142857135,0.968,0.30400000000000027,0.9733333333333332,0.0,0.9314285714285713
0.42399999999999993,0.3451428571428572,0.5594285714285707,0.45546666666666674,0.5887999999999991,0.6479999999999999,0.36088888888888887,0.345142857142857
0.15200000000000002,0.19085714285714284,0.6908571428571424,0.3114666666666667,0.7338666666666658,0.48177777777777786,0.6302222222222221,0.19085714285714284
0.08290909090909093,0.13028571428571434,0.9811428571428573,0.24320000000000003,0.9882666666666662,0.4053333333333331,0.9804444444444443,0.13028571428571434
0.9773090909090909,0.9108571428571426,0.24571428571428555,0.9584000000000001,0.2751999999999999,0.9653333333333332,0.0,0.9108571428571428
0.4094545454545453,0.3394285714285714,0.5537142857142854,0.45013333333333333,0.5834666666666664,0.6391111111111112,0.34755555555555556,0.3394285714285714
0.014545454545454528,0.02285714285714291,0.8200000000000003,0.04266666666666663,0.887999999999999,0.07111111111111112,0.8133333333333334,0.022857142857142687
0.7083636363636363,0.504,0.394857142857143,0.6213333333333333,0.43520000000000003,0.8071111111111109,0.058666666666666666,0.504
0.8545454545454545,0.657142857142857,0.47142857142857064,0.8,0.5066666666666659,0.8666666666666667,0.17777777777777778,0.6571428571428573
0.26109090909090904,0.27657142857142847,0.7765714285714287,0.3914666666666667,0.8538666666666668,0.5484444444444445,0.7635555555555555,0.27657142857142847
0.929018181818182,0.7211428571428571,0.008571428571428896,0.8698666666666666,0.009599999999999831,0.8915555555555557,0.0,0.7211428571428569
0.9639272727272727,0.8582857142857141,0.17999999999999972,0.9338666666666666,0.2016,0.9448888888888889,0.0,0.8582857142857143
0.4181818181818182,0.34285714285714297,0.5571428571428569,0.4533333333333334,0.586666666666666,0.6444444444444444,0.35555555555555557,0.34285714285714275
0.704,0.49942857142857155,0.39257142857142835,0.6160000000000001,0.43306666666666604,0.805333333333333,0.05511111111111111,0.49942857142857155
0.9842909090909089,0.9382857142857142,0.28000000000000025,0.9712000000000001,0.3135999999999992,0.976,0.0,0.9382857142857144
0.13309090909090915,0.17599999999999993,0.6760000000000002,0.29760000000000003,0.7130666666666663,0.4702222222222221,0.6071111111111112,0.1759999999999997
0.7956363636363637,0.5954285714285712,0.4405714285714293,0.728,0.47786666666666733,0.8426666666666667,0.12977777777777777,0.5954285714285714
0.1883636363636363,0.2194285714285713,0.7194285714285718,0.33813333333333323,0.7738666666666667,0.504,0.6746666666666666,0.2194285714285713
0.8632727272727274,0.6662857142857141,0.476,0.8106666666666666,0.510933333333333,0.870222222222222,0.18488888888888888,0.6662857142857141
0.6276363636363635,0.42514285714285727,0.6394285714285708,0.5301333333333333,0.6634666666666664,0.7724444444444445,0.5475555555555556,0.4251428571428568
0.5636363636363637,0.40000000000000013,0.6142857142857139,0.5066666666666666,0.6399999999999997,0.7333333333333334,0.48888888888888893,0.3999999999999999
0.06400000000000006,0.10057142857142876,0.9365714285714279,0.1877333333333333,0.9605333333333332,0.31288888888888877,0.9342222222222221,0.10057142857142853
0.26981818181818196,0.28342857142857136,0.7834285714285718,0.39786666666666665,0.8634666666666666,0.5537777777777777,0.7742222222222221,0.28342857142857136
0.9982545454545453,0.9931428571428569,0.34857142857142787,0.9968000000000001,0.39039999999999964,0.9973333333333332,0.0,0.9931428571428571
0.8872727272727272,0.6914285714285713,0.48857142857142843,0.8400000000000001,0.5226666666666668,0.8799999999999999,0.20444444444444443,0.6914285714285715
0.37163636363636354,0.3245714285714285,0.5388571428571423,0.43626666666666675,0.5695999999999994,0.6159999999999999,0.3128888888888888,0.3245714285714285
0.24218181818181828,0.2617142857142858,0.7617142857142856,0.3776,0.8330666666666664,0.5368888888888887,0.7404444444444443,0.26171428571428557
0.18399999999999994,0.21599999999999997,0.7160000000000002,0.33493333333333325,0.7690666666666663,0.5013333333333334,0.6693333333333333,0.21599999999999997
0.8327272727272728,0.6342857142857141,0.45999999999999996,0.7733333333333334,0.49599999999999955,0.8577777777777778,0.15999999999999998,0.6342857142857141
0.9912727272727271,0.9657142857142857,0.31428571428571495,0.9840000000000002,0.3520000000000003,0.9866666666666668,0.0,0.9657142857142855
0.8087272727272727,0.609142857142857,0.4474285714285706,0.744,0.4842666666666666,0.8479999999999999,0.14044444444444443,0.6091428571428568
0.45018181818181824,0.3554285714285714,0.5697142857142854,0.4650666666666667,0.5983999999999998,0.6639999999999999,0.3848888888888889,0.3554285714285712
0.9743999999999999,0.8994285714285715,0.23142857142857132,0.9530666666666667,0.2591999999999999,0.9608888888888889,0.0,0.8994285714285712
0.4298181818181819,0.3474285714285714,0.5617142857142863,0.45760000000000006,0.5909333333333331,0.6515555555555552,0.36622222222222217,0.3474285714285712
0.968,0.8742857142857141,0.1999999999999993,0.9413333333333334,0.2240000000000002,0.951111111111111,0.0,0.8742857142857139
0.6189090909090911,0.4217142857142857,0.6359999999999992,0.5269333333333333,0.6602666666666659,0.7671111111111109,0.5395555555555556,0.4217142857142857
0.11563636363636365,0.16228571428571414,0.6622857142857148,0.2848,0.6938666666666666,0.4595555555555557,0.5857777777777777,0.16228571428571414
0.9976727272727273,0.9908571428571427,0.3457142857142861,0.9957333333333334,0.3872,0.9964444444444442,0.0,0.9908571428571429
0.6647272727272728,0.4582857142857142,0.3719999999999999,0.5680000000000001,0.4138666666666664,0.789333333333333,0.02311111111111111,0.4582857142857144
0.9720727272727272,0.8902857142857141,0.21999999999999975,0.9488000000000001,0.2463999999999995,0.9573333333333331,0.0,0.8902857142857139
0.9581090909090908,0.8354285714285714,0.15142857142857125,0.9232,0.16959999999999997,0.9359999999999999,0.0,0.8354285714285712
0.4269090909090909,0.3462857142857141,0.5605714285714285,0.4565333333333334,0.5898666666666665,0.6497777777777776,0.3635555555555555,0.3462857142857141
0.4734545454545456,0.36457142857142855,0.5788571428571423,0.47359999999999997,0.6069333333333331,0.6782222222222223,0.4062222222222222,0.3645714285714283
0.19854545454545458,0.22742857142857154,0.7274285714285709,0.34559999999999996,0.7850666666666664,0.5102222222222219,0.6871111111111111,0.2274285714285713
0.9476363636363636,0.7942857142857143,0.10000000000000053,0.9039999999999999,0.1120000000000001,0.9199999999999999,0.0,0.7942857142857143
0.7607272727272727,0.5588571428571429,0.4222857142857146,0.6853333333333333,0.4607999999999999,0.8284444444444445,0.10133333333333333,0.5588571428571427
0.5316363636363635,0.38742857142857146,0.6017142857142863,0.4949333333333333,0.6282666666666668,0.7137777777777776,0.45955555555555555,0.38742857142857146
0.11272727272727279,0.15999999999999992,0.6599999999999993,0.2826666666666667,0.6906666666666661,0.4577777777777776,0.5822222222222222,0.15999999999999992
0.8218181818181818,0.6228571428571428,0.45428571428571374,0.76,0.4906666666666668,0.8533333333333335,0.1511111111111111,0.6228571428571426
0.3338181818181818,0.3097142857142856,0.524,0.42240000000000005,0.5557333333333334,0.592888888888889,0.2782222222222222,0.30971428571428583
0.04145454545454552,0.06514285714285717,0.8834285714285706,0.12159999999999999,0.9274666666666667,0.20266666666666677,0.8791111111111111,0.06514285714285717
0.20145454545454533,0.22971428571428576,0.7297142857142855,0.3477333333333333,0.788266666666666,0.512,0.6906666666666667,0.22971428571428554
0.22472727272727266,0.248,0.7479999999999993,0.36479999999999996,0.8138666666666667,0.5262222222222224,0.7191111111111111,0.248
0.3250909090909091,0.3062857142857143,0.5205714285714285,0.41919999999999996,0.5525333333333329,0.5875555555555554,0.2702222222222222,0.3062857142857143
0.996509090909091,0.9862857142857142,0.33999999999999986,0.9936,0.3807999999999998,0.9946666666666668,0.0,0.986285714285714
0.9517090909090908,0.8102857142857143,0.1200000000000001,0.9114666666666666,0.1344000000000003,0.9262222222222225,0.0,0.8102857142857143
0.9953454545454545,0.9817142857142858,0.3342857142857145,0.9914666666666667,0.3743999999999996,0.9928888888888889,0.0,0.9817142857142855
0.9447272727272726,0.7828571428571429,0.08571428571428541,0.8986666666666667,0.09600000000000009,0.9155555555555557,0.0,0.7828571428571431
0.07927272727272727,0.12457142857142856,0.9725714285714284,0.23253333333333337,0.9829333333333334,0.38755555555555543,0.9715555555555555,0.12457142857142856
0.030545454545454542,0.04800000000000004,0.8577142857142857,0.08960000000000001,0.9114666666666666,0.14933333333333332,0.8524444444444443,0.04799999999999982
0.5258181818181817,0.385142857142857,0.5994285714285708,0.49279999999999996,0.6261333333333328,0.7102222222222219,0.4542222222222222,0.385142857142857
0.025454545454545396,0.039999999999999813,0.8457142857142861,0.07466666666666666,0.9039999999999999,0.12444444444444414,0.8399999999999999,0.039999999999999813
0.14036363636363636,0.18171428571428572,0.6817142857142855,0.30293333333333333,0.7210666666666663,0.47466666666666657,0.6159999999999999,0.18171428571428572
0.015272727272727327,0.0239999999999998,0.8217142857142861,0.044800000000000006,0.8890666666666664,0.07466666666666666,0.8151111111111111,0.02400000000000002
0.9348363636363635,0.744,0.03714285714285648,0.8805333333333332,0.04159999999999986,0.9004444444444442,0.0,0.744
0.9709090909090909,0.8857142857142857,0.2142857142857144,0.9466666666666668,0.23999999999999932,0.9555555555555557,0.0,0.8857142857142855
0.09090909090909094,0.1428571428571428,1.0,0.26666666666666666,1.0,0.4444444444444444,1.0,0.1428571428571428
0.7454545454545454,0.5428571428571429,0.4142857142857137,0.6666666666666667,0.45333333333333314,0.822222222222222,0.08888888888888889,0.5428571428571427
0.7847272727272727,0.5839999999999999,0.43485714285714216,0.7146666666666668,0.4725333333333328,0.838222222222222,0.12088888888888889,0.5839999999999999
0.5665454545454545,0.401142857142857,0.6154285714285717,0.5077333333333334,0.6410666666666662,0.7351111111111108,0.4915555555555556,0.40114285714285725
0.03200000000000003,0.05028571428571427,0.8611428571428572,0.09386666666666671,0.9135999999999997,0.15644444444444439,0.8559999999999999,0.050285714285714045
0.0603636363636364,0.09485714285714275,0.9279999999999999,0.17706666666666665,0.9551999999999996,0.2951111111111111,0.9253333333333332,0.09485714285714275
0.6734545454545455,0.4674285714285715,0.3765714285714292,0.5786666666666667,0.41813333333333347,0.7928888888888888,0.030222222222222223,0.4674285714285713
0.05963636363636371,0.09371428571428586,0.9262857142857142,0.17493333333333333,0.9541333333333331,0.29155555555555557,0.9235555555555555,0.09371428571428564
0.11709090909090902,0.16342857142857148,0.6634285714285708,0.28586666666666666,0.6954666666666665,0.46044444444444443,0.5875555555555555,0.16342857142857126
0.3861818181818182,0.33028571428571407,0.5445714285714285,0.44160000000000005,0.5749333333333331,0.6248888888888888,0.3262222222222222,0.3302857142857143
0.3425454545454547,0.31314285714285717,0.5274285714285716,0.42560000000000003,0.5589333333333331,0.5982222222222222,0.2862222222222222,0.31314285714285717
0.09236363636363631,0.1439999999999999,0.6440000000000001,0.2677333333333333,0.6682666666666668,0.44533333333333336,0.5573333333333333,0.1439999999999999
0.09818181818181815,0.14857142857142835,0.6485714285714286,0.27199999999999996,0.674666666666667,0.4488888888888889,0.5644444444444444,0.14857142857142858
0.054545454545454564,0.08571428571428563,0.9142857142857137,0.16000000000000003,0.9466666666666663,0.2666666666666666,0.911111111111111,0.08571428571428563
0.09672727272727277,0.14742857142857146,0.6474285714285708,0.2709333333333333,0.6730666666666671,0.44799999999999995,0.5626666666666666,0.14742857142857124
0.7018181818181817,0.4971428571428571,0.39142857142857146,0.6133333333333333,0.4320000000000004,0.8044444444444445,0.05333333333333333,0.4971428571428571
0.9025454545454545,0.7074285714285713,0.49657142857142844,0.8586666666666667,0.5301333333333327,0.886222222222222,0.21688888888888888,0.7074285714285715
0.02400000000000002,0.03771428571428559,0.8422857142857145,0.07040000000000002,0.9018666666666668,0.11733333333333329,0.8364444444444443,0.03771428571428559
0.4007272727272728,0.3360000000000001,0.5502857142857138,0.44693333333333335,0.5802666666666658,0.6337777777777776,0.33955555555555555,0.33599999999999985
0.9872000000000001,0.9497142857142857,0.2942857142857145,0.9765333333333333,0.3296000000000001,0.9804444444444447,0.0,0.9497142857142855
0.9278545454545453,0.7165714285714286,0.0028571428571435575,0.8677333333333332,0.0031999999999996476,0.8897777777777778,0.0,0.7165714285714284
0.9458909090909091,0.7874285714285714,0.09142857142857164,0.9008,0.10240000000000027,0.9173333333333331,0.0,0.7874285714285716
0.9336727272727272,0.7394285714285713,0.03142857142857114,0.8783999999999998,0.035200000000000564,0.8986666666666667,0.0,0.7394285714285711
0.9866181818181816,0.9474285714285715,0.2914285714285709,0.9754666666666667,0.3263999999999996,0.9795555555555553,0.0,0.9474285714285713
0.6625454545454545,0.45599999999999996,0.3708571428571421,0.5653333333333332,0.41279999999999895,0.7884444444444445,0.021333333333333333,0.45599999999999974
0.8392727272727272,0.641142857142857,0.4634285714285715,0.7813333333333334,0.4992000000000001,0.8604444444444446,0.16533333333333333,0.6411428571428568
0.33963636363636374,0.31199999999999983,0.5262857142857138,0.4245333333333334,0.5578666666666665,0.5964444444444446,0.28355555555555556,0.31200000000000006
0.4763636363636363,0.36571428571428566,0.5800000000000001,0.4746666666666666,0.6080000000000005,0.6799999999999997,0.40888888888888886,0.36571428571428544
0.15054545454545454,0.18971428571428572,0.6897142857142864,0.31040000000000006,0.732266666666666,0.4808888888888889,0.6284444444444444,0.18971428571428572
0.9296,0.7234285714285713,0.011428571428570677,0.8709333333333333,0.012799999999999478,0.8924444444444442,0.0,0.7234285714285711
0.15781818181818186,0.1954285714285715,0.6954285714285717,0.31573333333333337,0.7402666666666669,0.4853333333333334,0.6373333333333333,0.1954285714285715
0.2567272727272727,0.27314285714285735,0.7731428571428571,0.3882666666666667,0.8490666666666664,0.5457777777777777,0.7582222222222221,0.27314285714285713
0.2581818181818183,0.27428571428571424,0.774285714285714,0.38933333333333336,0.8506666666666671,0.5466666666666664,0.7599999999999999,0.27428571428571424
0.24945454545454537,0.26742857142857135,0.7674285714285709,0.3829333333333333,0.8410666666666664,0.5413333333333332,0.7493333333333333,0.26742857142857135
0.46763636363636363,0.3622857142857141,0.5765714285714285,0.47146666666666665,0.6048,0.6746666666666665,0.40088888888888885,0.3622857142857141
0.07418181818181813,0.11657142857142877,0.960571428571428,0.21760000000000002,0.9754666666666667,0.36266666666666647,0.959111111111111,0.11657142857142855
0.9534545454545453,0.8171428571428572,0.12857142857142811,0.9146666666666667,0.14399999999999924,0.9288888888888889,0.0,0.817142857142857
0.24654545454545462,0.2651428571428571,0.7651428571428571,0.38079999999999997,0.8378666666666668,0.5395555555555556,0.7457777777777778,0.2651428571428571
0.07272727272727275,0.11428571428571432,0.9571428571428573,0.21333333333333332,0.9733333333333327,0.3555555555555554,0.9555555555555555,0.1142857142857141
0.9674181818181817,0.8719999999999999,0.1971428571428575,0.9402666666666666,0.22079999999999966,0.9502222222222221,0.0,0.8719999999999997
0.02763636363636368,0.04342857142857137,0.8508571428571434,0.08106666666666668,0.9072000000000005,0.13511111111111096,0.8453333333333333,0.04342857142857137
0.8283636363636364,0.6297142857142857,0.4577142857142853,0.768,0.49386666666666645,0.8559999999999999,0.1564444444444444,0.6297142857142857
0.07200000000000006,0.11314285714285721,0.9554285714285715,0.2112,0.9722666666666671,0.3520000000000001,0.9537777777777777,0.11314285714285699
0.2392727272727273,0.25942857142857156,0.7594285714285718,0.37546666666666667,0.8298666666666659,0.5351111111111111,0.7368888888888888,0.25942857142857134
0.8698181818181818,0.673142857142857,0.47942857142857154,0.8186666666666669,0.5141333333333336,0.8728888888888888,0.1902222222222222,0.6731428571428573
0.5607272727272727,0.3988571428571428,0.613142857142857,0.5056,0.6389333333333331,0.7315555555555555,0.4862222222222222,0.3988571428571428
0.040000000000000036,0.06285714285714272,0.879999999999999,0.11733333333333335,0.9253333333333327,0.19555555555555548,0.8755555555555555,0.06285714285714294
0.8959999999999999,0.7005714285714286,0.4931428571428569,0.8506666666666669,0.526933333333333,0.8835555555555556,0.21155555555555552,0.7005714285714284
0.7498181818181817,0.5474285714285716,0.41657142857142837,0.6719999999999999,0.45546666666666624,0.8239999999999998,0.09244444444444444,0.5474285714285712
0.5287272727272727,0.38628571428571434,0.6005714285714285,0.4938666666666666,0.6272000000000002,0.7120000000000002,0.4568888888888889,0.38628571428571434
0.8719999999999999,0.6754285714285713,0.4805714285714284,0.8213333333333335,0.5151999999999992,0.8737777777777778,0.19199999999999998,0.6754285714285715
0.10399999999999998,0.15314285714285703,0.653142857142857,0.2762666666666667,0.6810666666666663,0.4524444444444444,0.5715555555555555,0.15314285714285703
0.21745454545454557,0.24228571428571422,0.742285714285714,0.35946666666666666,0.8058666666666658,0.5217777777777779,0.7102222222222222,0.24228571428571422
0.14181818181818173,0.18285714285714283,0.6828571428571433,0.304,0.722666666666667,0.4755555555555555,0.6177777777777776,0.18285714285714283
0.9848727272727273,0.9405714285714284,0.28285714285714203,0.9722666666666666,0.31679999999999975,0.9768888888888885,0.0,0.9405714285714286
0.8523636363636362,0.6548571428571428,0.47028571428571464,0.7973333333333334,0.5056000000000003,0.8657777777777778,0.176,0.654857142857143
0.752,0.5497142857142858,0.41771428571428526,0.6746666666666665,0.4565333333333328,0.8248888888888888,0.09422222222222222,0.5497142857142854
0.0036363636363636598,0.005714285714285561,0.7942857142857145,0.010666666666666658,0.8719999999999999,0.01777777777777767,0.7866666666666666,0.005714285714285783
0.18545454545454554,0.21714285714285708,0.7171428571428571,0.3359999999999999,0.770666666666667,0.5022222222222221,0.6711111111111111,0.21714285714285708
0.8305454545454547,0.6319999999999999,0.4588571428571431,0.7706666666666668,0.4949333333333339,0.8568888888888888,0.1582222222222222,0.6319999999999999
0.0770909090909091,0.12114285714285722,0.9674285714285711,0.22613333333333335,0.9797333333333329,0.3768888888888886,0.9662222222222221,0.12114285714285722
0.38909090909090915,0.3314285714285714,0.5457142857142854,0.4426666666666667,0.5759999999999996,0.6266666666666667,0.32888888888888884,0.3314285714285714
0.5025454545454546,0.3759999999999999,0.5902857142857139,0.48426666666666657,0.6175999999999995,0.6959999999999997,0.4328888888888889,0.3759999999999999
0.21599999999999997,0.24114285714285733,0.7411428571428571,0.3584,0.804266666666666,0.5208888888888887,0.7084444444444444,0.2411428571428571
0.9802181818181819,0.9222857142857142,0.2599999999999998,0.9637333333333333,0.2911999999999999,0.9697777777777778,0.0,0.9222857142857144
0.6952727272727273,0.4902857142857142,0.3879999999999999,0.6053333333333333,0.42879999999999985,0.8017777777777777,0.047999999999999994,0.490285714285714
0.3920000000000001,0.3325714285714285,0.5468571428571432,0.44373333333333337,0.5770666666666671,0.6284444444444444,0.33155555555555555,0.3325714285714285
0.9749818181818182,0.9017142857142857,0.234285714285714,0.9541333333333335,0.2624000000000004,0.9617777777777778,0.0,0.9017142857142855
0.13890909090909098,0.18057142857142838,0.6805714285714286,0.30186666666666667,0.7194666666666665,0.47377777777777763,0.6142222222222221,0.1805714285714286
0.213090909090909,0.23885714285714288,0.7388571428571424,0.3562666666666667,0.8010666666666673,0.5191111111111111,0.7048888888888889,0.23885714285714266
0.23345454545454558,0.2548571428571429,0.7548571428571424,0.3711999999999999,0.8234666666666666,0.5315555555555556,0.7297777777777777,0.2548571428571429
0.02109090909090905,0.03314285714285714,0.8354285714285714,0.06186666666666668,0.8975999999999997,0.10311111111111093,0.8293333333333334,0.03314285714285692
0.7410909090909092,0.5382857142857143,0.4119999999999999,0.6613333333333333,0.45120000000000005,0.8204444444444445,0.08533333333333333,0.5382857142857143
0.5549090909090908,0.3965714285714286,0.6108571428571432,0.5034666666666667,0.6368,0.7280000000000002,0.4808888888888889,0.3965714285714286
0.10981818181818181,0.1577142857142857,0.6577142857142855,0.28053333333333336,0.6874666666666664,0.45599999999999974,0.5786666666666667,0.1577142857142857
0.32800000000000007,0.3074285714285714,0.5217142857142854,0.42026666666666673,0.5536000000000003,0.5893333333333333,0.27288888888888885,0.3074285714285714
0.9610181818181818,0.846857142857143,0.16571428571428548,0.9285333333333334,0.1856,0.9404444444444442,0.0,0.8468571428571428
0.42109090909090896,0.34399999999999986,0.5582857142857147,0.4544000000000001,0.5877333333333334,0.646222222222222,0.3582222222222222,0.34399999999999986
0.7214545454545456,0.5177142857142858,0.40171428571428525,0.6373333333333333,0.4415999999999993,0.8124444444444445,0.06933333333333333,0.5177142857142858
0.9412363636363636,0.7691428571428571,0.06857142857142762,0.8922666666666668,0.07679999999999954,0.910222222222222,0.0,0.7691428571428569
0.6101818181818182,0.41828571428571437,0.6325714285714277,0.5237333333333334,0.6570666666666662,0.7617777777777777,0.5315555555555556,0.41828571428571415
0.11418181818181827,0.16114285714285725,0.661142857142857,0.28373333333333334,0.6922666666666668,0.45866666666666656,0.584,0.16114285714285703
0.07054545454545458,0.11085714285714277,0.952,0.20693333333333336,0.970133333333334,0.3448888888888888,0.9502222222222221,0.11085714285714277
0.08363636363636373,0.13142857142857145,0.9828571428571431,0.24533333333333335,0.9893333333333336,0.40888888888888886,0.9822222222222221,0.13142857142857145
0.009454545454545493,0.01485714285714268,0.8079999999999998,0.027733333333333332,0.8805333333333332,0.046222222222222165,0.8008888888888889,0.014857142857142902
0.9732363636363637,0.8948571428571426,0.2257142857142851,0.9509333333333334,0.2527999999999997,0.959111111111111,0.0,0.8948571428571424
0.5374545454545454,0.3897142857142857,0.6040000000000001,0.4970666666666666,0.6303999999999998,0.7173333333333334,0.4648888888888889,0.3897142857142857
0.964509090909091,0.8605714285714283,0.18285714285714327,0.9349333333333334,0.20479999999999965,0.9457777777777778,0.0,0.8605714285714285
0.1970909090909092,0.2262857142857142,0.7262857142857149,0.3445333333333333,0.7834666666666665,0.5093333333333332,0.6853333333333333,0.2262857142857142
0.1374545454545455,0.1794285714285715,0.6794285714285717,0.3008,0.7178666666666667,0.4728888888888889,0.6124444444444443,0.17942857142857127
0.9371636363636362,0.7531428571428571,0.04857142857142893,0.8848,0.054400000000000226,0.9039999999999999,0.0,0.7531428571428569
0.17236363636363627,0.20685714285714285,0.7068571428571424,0.3264000000000001,0.756266666666666,0.4942222222222221,0.6551111111111111,0.20685714285714285
0.9691636363636364,0.8788571428571426,0.20571428571428552,0.9434666666666667,0.23040000000000038,0.9528888888888889,0.0,0.8788571428571428
0.6305454545454547,0.42628571428571416,0.6405714285714286,0.5311999999999999,0.664533333333333,0.7742222222222224,0.5502222222222222,0.42628571428571416
0.3076363636363637,0.2994285714285714,0.5137142857142853,0.4128,0.5461333333333327,0.5768888888888888,0.2542222222222222,0.29942857142857116
0.4036363636363638,0.33714285714285697,0.5514285714285716,0.448,0.5813333333333333,0.6355555555555554,0.3422222222222222,0.33714285714285697
0.057454545454545425,0.0902857142857143,0.9211428571428568,0.1685333333333333,0.9509333333333325,0.28088888888888874,0.918222222222222,0.09028571428571408
0.2814545454545454,0.2891428571428569,0.5034285714285716,0.40319999999999995,0.5365333333333329,0.5608888888888888,0.23022222222222222,0.2891428571428569
0.730181818181818,0.5268571428571429,0.4062857142857146,0.6480000000000001,0.4458666666666664,0.8159999999999998,0.07644444444444444,0.5268571428571427
0.9959272727272726,0.984,0.3371428571428572,0.9925333333333335,0.37760000000000016,0.9937777777777779,0.0,0.9839999999999998
0.11854545454545462,0.16457142857142837,0.6645714285714286,0.2869333333333333,0.6970666666666663,0.4613333333333334,0.5893333333333334,0.16457142857142837
0.1956363636363636,0.2251428571428573,0.7251428571428571,0.34346666666666664,0.7818666666666658,0.5084444444444443,0.6835555555555556,0.2251428571428571
0.06909090909090909,0.10857142857142854,0.9485714285714284,0.20266666666666666,0.9679999999999991,0.33777777777777773,0.9466666666666665,0.10857142857142832
0.7890909090909093,0.5885714285714285,0.4371428571428577,0.72,0.4746666666666668,0.8399999999999999,0.12444444444444445,0.5885714285714283
0.05599999999999994,0.08799999999999986,0.9177142857142853,0.16426666666666667,0.9487999999999994,0.27377777777777745,0.9146666666666665,0.08799999999999986
0.9429818181818181,0.776,0.07714285714285651,0.8954666666666666,0.08640000000000025,0.9128888888888889,0.0,0.776
0.12727272727272732,0.17142857142857126,0.6714285714285717,0.2933333333333334,0.7066666666666661,0.46666666666666656,0.6,0.17142857142857126
0.2552727272727273,0.272,0.7720000000000002,0.38719999999999993,0.8474666666666666,0.5448888888888888,0.7564444444444444,0.272
0.29309090909090907,0.2937142857142856,0.5079999999999991,0.4074666666666667,0.5407999999999991,0.5680000000000001,0.2408888888888889,0.2937142857142856
0.018909090909090875,0.029714285714285804,0.8302857142857141,0.055466666666666664,0.8943999999999992,0.09244444444444433,0.824,0.029714285714285582
0.10690909090909095,0.15542857142857125,0.6554285714285717,0.27840000000000004,0.6842666666666659,0.4542222222222221,0.5751111111111111,0.15542857142857125
0.9522909090909091,0.8125714285714287,0.12285714285714278,0.9125333333333332,0.13759999999999906,0.927111111111111,0.0,0.8125714285714285
0.7105454545454546,0.5062857142857142,0.3959999999999999,0.6239999999999999,0.4362666666666666,0.8079999999999998,0.060444444444444446,0.5062857142857142
0.06690909090909092,0.1051428571428572,0.9434285714285711,0.19626666666666664,0.9647999999999994,0.3271111111111109,0.9413333333333332,0.10514285714285698
0.2058181818181819,0.2331428571428571,0.7331428571428571,0.35093333333333326,0.7930666666666664,0.5146666666666666,0.696,0.23314285714285687
0.9592727272727273,0.8400000000000001,0.15714285714285747,0.9253333333333333,0.17600000000000016,0.9377777777777778,0.0,0.8400000000000001
0.18109090909090908,0.21371428571428575,0.7137142857142855,0.33280000000000004,0.7658666666666667,0.49955555555555553,0.6657777777777777,0.21371428571428552
0.9604363636363635,0.8445714285714288,0.1628571428571428,0.9274666666666667,0.18240000000000034,0.9395555555555557,0.0,0.8445714285714285
0.6334545454545455,0.4274285714285715,0.6417142857142855,0.5322666666666667,0.6655999999999995,0.7759999999999998,0.5528888888888889,0.42742857142857127
0.046545454545454557,0.07314285714285718,0.895428571428571,0.13653333333333334,0.9349333333333334,0.2275555555555553,0.8915555555555554,0.07314285714285718
0.9918545454545455,0.968,0.3171428571428567,0.9850666666666668,0.35519999999999996,0.9875555555555553,0.0,0.9679999999999997
0.9540363636363636,0.8194285714285714,0.13142857142857167,0.9157333333333335,0.14719999999999978,0.9297777777777778,0.0,0.8194285714285716
0.9994181818181818,0.9977142857142858,0.3542857142857141,0.9989333333333335,0.3967999999999998,0.9991111111111111,0.0,0.9977142857142856
0.9598545454545455,0.8422857142857143,0.15999999999999925,0.9264000000000001,0.1791999999999998,0.9386666666666663,0.0,0.8422857142857143
0.08654545454545448,0.1359999999999999,0.9897142857142853,0.25386666666666663,0.9935999999999998,0.4231111111111112,0.9893333333333333,0.1359999999999999
0.005090909090909146,0.007999999999999785,0.797714285714286,0.014933333333333354,0.874133333333333,0.02488888888888874,0.7902222222222222,0.008000000000000007
0.08872727272727277,0.13942857142857146,0.9948571428571427,0.2602666666666667,0.9967999999999995,0.4337777777777776,0.9946666666666666,0.13942857142857146
0.06327272727272726,0.09942857142857142,0.9348571428571422,0.1856,0.9594666666666658,0.30933333333333324,0.9324444444444443,0.0994285714285712
0.04945454545454542,0.07771428571428585,0.9022857142857141,0.14506666666666668,0.9391999999999996,0.24177777777777765,0.8986666666666665,0.07771428571428562
0.6865454545454546,0.4811428571428571,0.38342857142857056,0.5946666666666667,0.42453333333333276,0.7982222222222224,0.040888888888888884,0.4811428571428571
0.8501818181818181,0.6525714285714286,0.46914285714285686,0.7946666666666666,0.5045333333333328,0.8648888888888888,0.17422222222222222,0.6525714285714284
0.4938181818181817,0.37257142857142855,0.5868571428571423,0.4810666666666666,0.6143999999999998,0.6906666666666665,0.42488888888888887,0.37257142857142855
0.25381818181818194,0.2708571428571429,0.7708571428571425,0.3861333333333333,0.8458666666666668,0.544,0.7546666666666666,0.2708571428571427
0.24509090909090903,0.264,0.7639999999999993,0.3797333333333333,0.836266666666666,0.5386666666666664,0.7439999999999999,0.264
0.9383272727272727,0.7577142857142858,0.05428571428571427,0.8869333333333334,0.06080000000000041,0.9057777777777778,0.0,0.7577142857142853
0.958690909090909,0.8377142857142859,0.15428571428571392,0.9242666666666668,0.17279999999999962,0.9368888888888889,0.0,0.8377142857142854
0.49090909090909096,0.37142857142857144,0.5857142857142854,0.4799999999999999,0.6133333333333333,0.6888888888888887,0.42222222222222217,0.37142857142857144
0.03127272727272723,0.049142857142857155,0.8594285714285714,0.09173333333333333,0.9125333333333332,0.15288888888888863,0.8542222222222221,0.04914285714285693
0.5112727272727273,0.37942857142857145,0.5937142857142854,0.48746666666666666,0.6208,0.7013333333333334,0.4408888888888889,0.37942857142857145
0.026181818181818195,0.04114285714285715,0.8474285714285719,0.07680000000000003,0.9050666666666665,0.1280000000000001,0.8417777777777777,0.041142857142856926
0.264,0.2788571428571429,0.7788571428571425,0.3936,0.8570666666666664,0.5502222222222222,0.7671111111111111,0.2788571428571427
0.7912727272727271,0.5908571428571427,0.4382857142857137,0.7226666666666666,0.47573333333333245,0.8408888888888888,0.1262222222222222,0.590857142857143
0.5898181818181818,0.41028571428571414,0.6245714285714286,0.5162666666666667,0.6495999999999995,0.7493333333333334,0.5128888888888888,0.41028571428571414
0.776,0.5748571428571427,0.4302857142857146,0.704,0.4682666666666666,0.8346666666666667,0.11377777777777777,0.574857142857143
0.6603636363636363,0.45371428571428574,0.3697142857142861,0.5626666666666666,0.4117333333333333,0.7875555555555556,0.01955555555555555,0.4537142857142855
0.5461818181818183,0.39314285714285724,0.6074285714285717,0.5002666666666666,0.6336000000000004,0.7226666666666666,0.4728888888888889,0.393142857142857
0.02036363636363636,0.03200000000000003,0.8337142857142856,0.059733333333333305,0.8965333333333323,0.09955555555555562,0.8275555555555556,0.031999999999999806
0.050181818181818216,0.07885714285714274,0.9039999999999999,0.1472,0.9402666666666661,0.2453333333333334,0.9004444444444443,0.07885714285714274
0.4967272727272727,0.37371428571428567,0.5880000000000001,0.48213333333333325,0.6154666666666664,0.6924444444444444,0.4275555555555555,0.37371428571428567
0.40654545454545454,0.3382857142857143,0.5525714285714285,0.44906666666666667,0.5823999999999998,0.6373333333333333,0.34488888888888886,0.3382857142857143
0.9988363636363637,0.9954285714285716,0.3514285714285714,0.9978666666666667,0.3935999999999993,0.9982222222222221,0.0,0.9954285714285713
0.10545454545454547,0.15428571428571436,0.6542857142857139,0.2773333333333334,0.6826666666666661,0.45333333333333337,0.5733333333333334,0.15428571428571414
0.0683636363636363,0.10742857142857143,0.9468571428571426,0.20053333333333334,0.9669333333333334,0.3342222222222222,0.9448888888888888,0.1074285714285712
0.7192727272727273,0.5154285714285716,0.40057142857142836,0.6346666666666667,0.44053333333333367,0.8115555555555556,0.06755555555555555,0.5154285714285716
0.5752727272727274,0.4045714285714286,0.6188571428571432,0.5109333333333332,0.6442666666666668,0.740444444444444,0.4995555555555556,0.40457142857142836
0.0014545454545454861,0.0022857142857142243,0.7891428571428571,0.004266666666666696,0.8687999999999994,0.007111111111111068,0.7813333333333333,0.0022857142857142243
0.14909090909090916,0.1885714285714286,0.6885714285714286,0.3093333333333334,0.7306666666666661,0.47999999999999976,0.6266666666666666,0.1885714285714286
0.8610909090909091,0.6639999999999999,0.4748571428571422,0.808,0.5098666666666665,0.8693333333333335,0.18311111111111109,0.6639999999999999
0.9941818181818183,0.9771428571428569,0.3285714285714283,0.9893333333333334,0.36799999999999944,0.991111111111111,0.0,0.9771428571428571
0.248,0.26628571428571446,0.766285714285714,0.38186666666666663,0.8394666666666666,0.5404444444444443,0.7475555555555555,0.26628571428571424
0.2378181818181817,0.25828571428571423,0.758285714285714,0.3744,0.8282666666666669,0.5342222222222224,0.735111111111111,0.25828571428571423
0.6472727272727272,0.43999999999999995,0.362857142857143,0.5466666666666666,0.4053333333333331,0.7822222222222224,0.008888888888888889,0.44000000000000017
0.9685818181818182,0.8765714285714283,0.20285714285714285,0.9423999999999999,0.22719999999999985,0.952,0.0,0.8765714285714286
0.07854545454545458,0.12342857142857144,0.9708571428571426,0.23040000000000005,0.981866666666666,0.3839999999999999,0.9697777777777777,0.12342857142857144
0.21163636363636362,0.23771428571428577,0.7377142857142855,0.3551999999999999,0.7994666666666665,0.5182222222222219,0.7031111111111111,0.23771428571428554
0.9738181818181819,0.8971428571428568,0.22857142857142865,0.9520000000000002,0.2560000000000002,0.96,0.0,0.897142857142857
0.24363636363636365,0.2628571428571429,0.7628571428571433,0.37866666666666665,0.8346666666666662,0.5377777777777777,0.7422222222222221,0.2628571428571429
0.5490909090909091,0.39428571428571413,0.6085714285714285,0.5013333333333334,0.634666666666666,0.7244444444444444,0.47555555555555556,0.39428571428571413
0.8894545454545455,0.6937142857142857,0.4897142857142853,0.8426666666666667,0.5237333333333325,0.8808888888888888,0.20622222222222222,0.6937142857142857
0.8109090909090908,0.6114285714285712,0.4485714285714284,0.7466666666666666,0.4853333333333332,0.8488888888888888,0.14222222222222222,0.6114285714285714
0.8065454545454545,0.6068571428571428,0.4462857142857146,0.7413333333333334,0.4832000000000001,0.8471111111111109,0.13866666666666666,0.6068571428571425
0.016000000000000014,0.025142857142857133,0.8234285714285718,0.04693333333333333,0.890133333333333,0.07822222222222219,0.8168888888888889,0.025142857142857133
0.11127272727272719,0.1588571428571428,0.6588571428571433,0.2816,0.6890666666666663,0.4568888888888889,0.5804444444444444,0.1588571428571428
0.6429090909090909,0.4354285714285715,0.3605714285714283,0.5413333333333332,0.4032,0.7804444444444445,0.005333333333333333,0.4354285714285713
0.9511272727272726,0.808,0.11714285714285744,0.9103999999999999,0.13119999999999976,0.9253333333333331,0.0,0.808
0.24072727272727268,0.26057142857142845,0.7605714285714278,0.37653333333333333,0.8314666666666657,0.536,0.7386666666666666,0.26057142857142845
0.06981818181818189,0.10971428571428588,0.9502857142857142,0.20479999999999998,0.9690666666666665,0.34133333333333327,0.9484444444444443,0.10971428571428565
0.9284363636363635,0.7188571428571429,0.005714285714285339,0.8688,0.006400000000000183,0.8906666666666667,0.0,0.7188571428571426
0.7629090909090908,0.5611428571428572,0.4234285714285715,0.688,0.4618666666666664,0.829333333333333,0.10311111111111111,0.5611428571428572
0.013090909090909042,0.020571428571428685,0.8165714285714287,0.03839999999999999,0.8858666666666659,0.06400000000000006,0.8097777777777777,0.020571428571428463
0.4530909090909092,0.35657142857142854,0.5708571428571432,0.46613333333333334,0.5994666666666664,0.6657777777777776,0.38755555555555554,0.3565714285714283
0.7803636363636364,0.5794285714285712,0.4325714285714284,0.7093333333333334,0.4703999999999997,0.8364444444444445,0.11733333333333333,0.5794285714285714
0.6407272727272726,0.43314285714285705,0.35942857142857143,0.5386666666666666,0.40213333333333257,0.7795555555555556,0.0035555555555555553,0.43314285714285705
0.2872727272727271,0.29142857142857137,0.5057142857142853,0.4053333333333334,0.538666666666666,0.5644444444444445,0.23555555555555555,0.29142857142857137
0.07345454545454544,0.11542857142857144,0.9588571428571431,0.2154666666666667,0.9744000000000002,0.35911111111111094,0.9573333333333333,0.11542857142857121
0.08800000000000008,0.13828571428571435,0.9931428571428569,0.25813333333333327,0.9957333333333338,0.43022222222222206,0.9928888888888888,0.13828571428571435
0.9656727272727272,0.8651428571428568,0.1885714285714286,0.9370666666666667,0.21119999999999983,0.9475555555555557,0.0,0.865142857142857
0.9365818181818182,0.7508571428571429,0.045714285714285374,0.8837333333333335,0.05119999999999969,0.903111111111111,0.0,0.7508571428571427
0.8829090909090909,0.6868571428571428,0.48628571428571465,0.8346666666666667,0.5205333333333337,0.878222222222222,0.2008888888888889,0.686857142857143
0.06181818181818177,0.0971428571428572,0.9314285714285715,0.1813333333333333,0.9573333333333327,0.30222222222222195,0.9288888888888888,0.09714285714285698
0.19418181818181823,0.22399999999999998,0.7239999999999993,0.3424,0.780266666666666,0.5075555555555555,0.6817777777777777,0.22399999999999998
0.3483636363636362,0.3154285714285714,0.5297142857142854,0.42773333333333335,0.5610666666666662,0.6017777777777777,0.29155555555555557,0.3154285714285714
0.033454545454545515,0.05257142857142871,0.8645714285714288,0.09813333333333335,0.9157333333333337,0.16355555555555545,0.8595555555555555,0.05257142857142849
0.30472727272727274,0.29828571428571404,0.5125714285714285,0.41173333333333334,0.545066666666667,0.5751111111111109,0.25155555555555553,0.29828571428571404
0.9557818181818181,0.8262857142857143,0.13999999999999968,0.9189333333333334,0.1568000000000005,0.9324444444444442,0.0,0.8262857142857143
0.9563636363636363,0.8285714285714287,0.14285714285714235,0.9200000000000002,0.16000000000000014,0.9333333333333331,0.0,0.8285714285714285
0.9901090909090908,0.9611428571428569,0.30857142857142783,0.9818666666666669,0.34559999999999924,0.9848888888888885,0.0,0.9611428571428571
0.4589090909090907,0.358857142857143,0.573142857142857,0.46826666666666655,0.6015999999999995,0.6693333333333333,0.39288888888888884,0.35885714285714276
0.16654545454545444,0.2022857142857144,0.702285714285714,0.3221333333333333,0.7498666666666667,0.4906666666666666,0.6479999999999999,0.20228571428571418
0.14327272727272733,0.18399999999999994,0.6839999999999993,0.30506666666666665,0.7242666666666668,0.4764444444444442,0.6195555555555555,0.18399999999999994
0.9930181818181818,0.9725714285714284,0.32285714285714207,0.9872000000000001,0.36160000000000014,0.9893333333333332,0.0,0.9725714285714286
0.6800000000000002,0.4742857142857142,0.379999999999999,0.5866666666666667,0.4213333333333331,0.7955555555555556,0.035555555555555556,0.474285714285714
0.1461818181818182,0.1862857142857144,0.6862857142857148,0.3072000000000001,0.7274666666666665,0.4782222222222221,0.6231111111111111,0.1862857142857144
0.17527272727272725,0.2091428571428573,0.7091428571428571,0.3285333333333334,0.7594666666666665,0.4959999999999998,0.6586666666666666,0.20914285714285707
0.9703272727272727,0.8834285714285715,0.21142857142857086,0.9456000000000002,0.23680000000000057,0.9546666666666663,0.0,0.8834285714285712
0.7236363636363636,0.52,0.402857142857143,0.6399999999999999,0.44266666666666676,0.813333333333333,0.07111111111111111,0.52
0.15636363636363637,0.19428571428571417,0.694285714285714,0.3146666666666667,0.7386666666666661,0.48444444444444423,0.6355555555555555,0.19428571428571417
0.16509090909090907,0.20114285714285707,0.7011428571428571,0.32106666666666667,0.7482666666666669,0.48977777777777787,0.6462222222222221,0.20114285714285707
0.5694545454545452,0.40228571428571436,0.6165714285714285,0.5087999999999999,0.6421333333333337,0.7368888888888887,0.49422222222222223,0.40228571428571414
0.04436363636363638,0.06971428571428562,0.8902857142857137,0.13013333333333332,0.9317333333333329,0.2168888888888889,0.8862222222222221,0.06971428571428562
0.25236363636363635,0.2697142857142858,0.7697142857142856,0.3850666666666666,0.8442666666666669,0.5431111111111109,0.7528888888888888,0.2697142857142856
0.7476363636363637,0.5451428571428572,0.4154285714285715,0.6693333333333333,0.4543999999999997,0.8231111111111113,0.09066666666666666,0.5451428571428569
0.05309090909090919,0.08342857142857141,0.9108571428571421,0.15573333333333333,0.9445333333333332,0.25955555555555554,0.9075555555555554,0.08342857142857141
0.33672727272727276,0.31085714285714294,0.5251428571428569,0.4234666666666667,0.5568,0.5946666666666667,0.28088888888888885,0.31085714285714294
0.023272727272727334,0.0365714285714287,0.8405714285714287,0.06826666666666664,0.9008000000000003,0.11377777777777776,0.8346666666666666,0.03657142857142848
0.2145454545454546,0.24,0.7400000000000002,0.35733333333333334,0.8026666666666671,0.52,0.7066666666666667,0.23999999999999977
0.05236363636363639,0.0822857142857143,0.9091428571428564,0.15360000000000001,0.9434666666666667,0.2559999999999998,0.9057777777777777,0.0822857142857143
0.5403636363636364,0.390857142857143,0.605142857142857,0.49813333333333326,0.6314666666666664,0.7191111111111108,0.46755555555555556,0.3908571428571428
0.8261818181818181,0.6274285714285712,0.4565714285714284,0.7653333333333334,0.4927999999999999,0.8551111111111109,0.15466666666666665,0.627428571428571
0.9400727272727272,0.7645714285714287,0.06285714285714228,0.8901333333333334,0.07039999999999935,0.9084444444444442,0.0,0.7645714285714285
0.011636363636363667,0.01828571428571424,0.8131428571428572,0.03413333333333329,0.8837333333333328,0.05688888888888877,0.8062222222222222,0.01828571428571424
0.9889454545454543,0.9565714285714284,0.3028571428571425,0.9797333333333336,0.33919999999999906,0.983111111111111,0.0,0.9565714285714286
0.7672727272727273,0.5657142857142858,0.42571428571428527,0.6933333333333334,0.4639999999999995,0.8311111111111114,0.10666666666666666,0.5657142857142856
0.061090909090909085,0.09600000000000009,0.9297142857142857,0.17919999999999997,0.9562666666666662,0.29866666666666664,0.927111111111111,0.09599999999999986
0.05818181818181822,0.09142857142857141,0.9228571428571426,0.17066666666666663,0.952,0.2844444444444443,0.9199999999999999,0.09142857142857141
0.9906909090909091,0.9634285714285715,0.3114285714285714,0.9829333333333334,0.3487999999999998,0.9857777777777779,0.0,0.9634285714285713
0.06618181818181823,0.10399999999999987,0.9417142857142853,0.19413333333333332,0.9637333333333329,0.3235555555555556,0.9395555555555555,0.10399999999999987
0.34545454545454546,0.31428571428571406,0.5285714285714285,0.4266666666666667,0.5600000000000005,0.5999999999999999,0.28888888888888886,0.3142857142857143
0.9569454545454545,0.830857142857143,0.1457142857142859,0.9210666666666667,0.1631999999999998,0.9342222222222225,0.0,0.8308571428571427
0.22618181818181804,0.2491428571428571,0.7491428571428571,0.3658666666666666,0.8154666666666666,0.5271111111111111,0.7208888888888889,0.2491428571428571
0.026909090909090883,0.04228571428571426,0.8491428571428576,0.07893333333333336,0.906133333333333,0.13155555555555543,0.8435555555555555,0.04228571428571404
0.9621818181818182,0.8514285714285714,0.1714285714285717,0.9306666666666668,0.19199999999999928,0.9422222222222221,0.0,0.8514285714285712
0.1869090909090909,0.21828571428571442,0.718285714285714,0.33706666666666657,0.7722666666666669,0.5031111111111111,0.6728888888888889,0.2182857142857142
0.8654545454545453,0.6685714285714286,0.47714285714285776,0.8133333333333332,0.5120000000000005,0.871111111111111,0.18666666666666665,0.6685714285714288
0.006545454545454521,0.010285714285714231,0.8011428571428567,0.019199999999999995,0.876266666666667,0.031999999999999806,0.7937777777777777,0.010285714285714231
0.4705454545454544,0.36342857142857143,0.5777142857142854,0.4725333333333333,0.6058666666666657,0.6764444444444444,0.40355555555555556,0.3634285714285712
0.7149090909090907,0.5108571428571429,0.3982857142857137,0.6293333333333333,0.4383999999999997,0.8097777777777777,0.06399999999999999,0.5108571428571427
0.6385454545454545,0.4308571428571428,0.35828571428571454,0.536,0.4010666666666669,0.7786666666666666,0.0017777777777777776,0.4308571428571428
0.9813818181818181,0.9268571428571426,0.2657142857142851,0.9658666666666667,0.2976000000000001,0.9715555555555553,0.0,0.9268571428571428
0.9313454545454547,0.7302857142857142,0.019999999999999574,0.8741333333333332,0.02239999999999931,0.895111111111111,0.0,0.7302857142857142
0.8938181818181816,0.6982857142857142,0.492,0.8479999999999999,0.5258666666666665,0.8826666666666667,0.20977777777777776,0.6982857142857142
0.2625454545454544,0.2777142857142858,0.7777142857142856,0.39253333333333335,0.8554666666666657,0.5493333333333332,0.7653333333333333,0.2777142857142856
0.3774545454545455,0.32685714285714296,0.5411428571428569,0.43840000000000007,0.5717333333333325,0.6195555555555554,0.3182222222222222,0.32685714285714274
0.019636363636363674,0.030857142857142694,0.8319999999999999,0.057599999999999985,0.8954666666666666,0.09599999999999986,0.8257777777777777,0.030857142857142694
0.9633454545454545,0.8560000000000001,0.17714285714285705,0.9328000000000001,0.19839999999999947,0.944,0.0,0.8559999999999997
0.17381818181818187,0.20799999999999996,0.7080000000000002,0.32746666666666674,0.7578666666666658,0.49511111111111106,0.6568888888888889,0.20799999999999996
0.19272727272727286,0.22285714285714286,0.7228571428571433,0.3413333333333333,0.7786666666666671,0.5066666666666666,0.6799999999999999,0.22285714285714264
0.0778181818181819,0.12228571428571433,0.9691428571428569,0.22826666666666667,0.9808000000000003,0.38044444444444436,0.968,0.12228571428571433
0.6218181818181818,0.42285714285714304,0.637142857142857,0.528,0.6613333333333333,0.7688888888888887,0.5422222222222222,0.4228571428571426
0.9808000000000001,0.9245714285714284,0.26285714285714334,0.9648000000000001,0.29439999999999955,0.9706666666666668,0.0,0.9245714285714286
0.02836363636363648,0.044571428571428484,0.8525714285714292,0.0832,0.9082666666666661,0.1386666666666665,0.847111111111111,0.044571428571428484
0.8676363636363635,0.6708571428571428,0.47828571428571376,0.8159999999999998,0.5130666666666661,0.8719999999999999,0.18844444444444444,0.670857142857143
0.9616,0.8491428571428572,0.16857142857142815,0.9296,0.18879999999999963,0.9413333333333331,0.0,0.849142857142857
0.6559999999999999,0.44914285714285707,0.36742857142857144,0.5573333333333332,0.4096000000000002,0.7857777777777777,0.015999999999999997,0.44914285714285707
0.5141818181818183,0.38057142857142856,0.5948571428571432,0.4885333333333333,0.6218666666666666,0.7031111111111112,0.44355555555555554,0.38057142857142856
1.0,1.0,0.35714285714285676,1.0,0.39999999999999947,1.0,0.0,0.9999999999999998
0.09527272727272729,0.14628571428571413,0.6462857142857139,0.26986666666666664,0.6714666666666664,0.44711111111111124,0.5608888888888889,0.14628571428571413
0.9069090909090909,0.712,0.4988571428571422,0.8640000000000001,0.5322666666666658,0.8879999999999999,0.22044444444444444,0.712
0.1796363636363637,0.2125714285714284,0.7125714285714286,0.3317333333333334,0.764266666666666,0.4986666666666666,0.6639999999999999,0.2125714285714284
0.717090909090909,0.5131428571428571,0.39942857142857147,0.6320000000000001,0.43946666666666623,0.8106666666666666,0.06577777777777777,0.5131428571428569
0.03709090909090906,0.058285714285714274,0.8731428571428577,0.10879999999999995,0.9210666666666665,0.18133333333333312,0.8684444444444444,0.058285714285714274
0.22909090909090923,0.25142857142857133,0.7514285714285709,0.36799999999999994,0.8186666666666662,0.5288888888888887,0.7244444444444443,0.25142857142857133
0.9778909090909091,0.9131428571428568,0.2485714285714291,0.9594666666666667,0.27839999999999954,0.9662222222222221,0.0,0.913142857142857
0.06545454545454554,0.10285714285714298,0.9399999999999995,0.192,0.9626666666666663,0.32000000000000006,0.9377777777777777,0.10285714285714276
0.7585454545454544,0.5565714285714287,0.4211428571428568,0.6826666666666668,0.4597333333333333,0.8275555555555552,0.09955555555555555,0.5565714285714285
0.9047272727272728,0.7097142857142857,0.4977142857142862,0.8613333333333335,0.5312000000000001,0.887111111111111,0.21866666666666665,0.7097142857142857
0.2654545454545454,0.28,0.7800000000000002,0.39466666666666667,0.8586666666666662,0.5511111111111109,0.7688888888888888,0.2799999999999998
0.6072727272727274,0.41714285714285704,0.6314285714285717,0.5226666666666666,0.6559999999999997,0.7599999999999998,0.5288888888888889,0.4171428571428568
0.7934545454545454,0.593142857142857,0.4394285714285715,0.7253333333333334,0.4767999999999999,0.8417777777777777,0.12799999999999997,0.5931428571428572
0.6669090909090911,0.46057142857142863,0.37314285714285766,0.5706666666666667,0.4149333333333338,0.7902222222222224,0.024888888888888887,0.46057142857142863
0.9854545454545456,0.9428571428571426,0.2857142857142856,0.9733333333333334,0.3199999999999994,0.9777777777777779,0.0,0.9428571428571428
0.9003636363636363,0.7051428571428571,0.49542857142857155,0.8560000000000001,0.529066666666667,0.8853333333333335,0.2151111111111111,0.7051428571428573
0.9470545454545454,0.792,0.09714285714285698,0.9029333333333334,0.10880000000000045,0.919111111111111,0.0,0.792
0.997090909090909,0.9885714285714284,0.3428571428571425,0.9946666666666668,0.38400000000000034,0.9955555555555553,0.0,0.9885714285714282
0.33090909090909104,0.3085714285714285,0.5228571428571422,0.4213333333333334,0.554666666666666,0.5911111111111109,0.27555555555555555,0.3085714285714285
0.9668363636363637,0.8697142857142857,0.19428571428571395,0.9392,0.21759999999999913,0.9493333333333331,0.0,0.8697142857142854
0.9627636363636363,0.8537142857142859,0.17428571428571438,0.9317333333333333,0.19519999999999982,0.943111111111111,0.0,0.8537142857142854
0.35418181818181815,0.3177142857142856,0.5319999999999991,0.4298666666666667,0.5631999999999993,0.6053333333333331,0.29688888888888887,0.3177142857142856
0.4123636363636365,0.3405714285714285,0.5548571428571432,0.4512,0.5845333333333329,0.6408888888888888,0.3502222222222222,0.3405714285714285
0.9435636363636364,0.7782857142857142,0.08000000000000007,0.8965333333333334,0.08959999999999901,0.9137777777777778,0.0,0.7782857142857142
0.7061818181818182,0.5017142857142858,0.39371428571428524,0.6186666666666667,0.4341333333333335,0.8062222222222224,0.056888888888888885,0.5017142857142858
0.16072727272727283,0.19771428571428573,0.6977142857142855,0.3178666666666667,0.7434666666666665,0.48711111111111105,0.6408888888888888,0.19771428571428573
0.5956363636363637,0.4125714285714286,0.6268571428571423,0.5184,0.6517333333333326,0.7528888888888887,0.5182222222222221,0.41257142857142837
0.05672727272727274,0.08914285714285719,0.919428571428571,0.16640000000000005,0.9498666666666669,0.27733333333333343,0.9164444444444443,0.08914285714285697
0.7432727272727271,0.5405714285714287,0.4131428571428577,0.6640000000000001,0.4522666666666666,0.821333333333333,0.08711111111111111,0.5405714285714285
0.5810909090909089,0.40685714285714303,0.621142857142857,0.5130666666666666,0.6463999999999999,0.7440000000000002,0.5048888888888888,0.4068571428571426
0.20727272727272728,0.23428571428571443,0.734285714285714,0.3519999999999999,0.7946666666666662,0.5155555555555555,0.6977777777777777,0.2342857142857142
0.6450909090909092,0.4377142857142857,0.3617142857142852,0.544,0.40426666666666566,0.781333333333333,0.007111111111111111,0.4377142857142855
0.9575272727272728,0.8331428571428572,0.14857142857142858,0.9221333333333335,0.16639999999999944,0.935111111111111,0.0,0.833142857142857
0.04872727272727273,0.07657142857142851,0.9005714285714284,0.14293333333333336,0.938133333333333,0.2382222222222221,0.8968888888888887,0.07657142857142851
0.02472727272727271,0.03885714285714292,0.8440000000000003,0.07253333333333334,0.9029333333333334,0.12088888888888882,0.8382222222222221,0.0388571428571427
0.266909090909091,0.28114285714285714,0.7811428571428571,0.3957333333333333,0.8602666666666661,0.552,0.7706666666666666,0.28114285714285714
0.10836363636363644,0.15657142857142858,0.6565714285714277,0.2794666666666667,0.6858666666666666,0.455111111111111,0.5768888888888889,0.15657142857142836
0.36290909090909085,0.32114285714285695,0.5354285714285707,0.43306666666666666,0.5663999999999998,0.6106666666666667,0.3048888888888889,0.3211428571428572
0.8436363636363637,0.6457142857142857,0.4657142857142853,0.7866666666666668,0.5013333333333332,0.862222222222222,0.1688888888888889,0.6457142857142852
0.9860363636363636,0.9451428571428568,0.28857142857142914,0.9743999999999999,0.32319999999999993,0.9786666666666668,0.0,0.9451428571428571
0.053818181818181876,0.08457142857142874,0.9125714285714279,0.1578666666666667,0.9455999999999998,0.2631111111111111,0.9093333333333332,0.08457142857142852
0.786909090909091,0.5862857142857141,0.43599999999999994,0.7173333333333334,0.47359999999999935,0.8391111111111114,0.12266666666666667,0.5862857142857141
0.669090909090909,0.46285714285714286,0.37428571428571367,0.5733333333333333,0.4159999999999995,0.7911111111111109,0.026666666666666665,0.46285714285714286
0.23490909090909096,0.256,0.7560000000000002,0.3722666666666667,0.8250666666666664,0.5324444444444443,0.7315555555555555,0.256
0.0341818181818182,0.0537142857142856,0.8662857142857145,0.10026666666666662,0.9167999999999994,0.167111111111111,0.8613333333333333,0.0537142857142856
0.9406545454545454,0.7668571428571429,0.06571428571428584,0.8912,0.07359999999999989,0.9093333333333331,0.0,0.7668571428571427
0.029090909090909167,0.04571428571428582,0.8542857142857141,0.08533333333333337,0.9093333333333335,0.14222222222222225,0.8488888888888888,0.045714285714285596
0.07127272727272738,0.1120000000000001,0.9537142857142857,0.20906666666666668,0.9711999999999996,0.34844444444444456,0.952,0.11199999999999988
0.22181818181818191,0.24571428571428577,0.7457142857142856,0.36266666666666664,0.8106666666666662,0.5244444444444443,0.7155555555555556,0.24571428571428577
0.7978181818181818,0.5977142857142856,0.4417142857142853,0.7306666666666668,0.478933333333333,0.8435555555555552,0.13155555555555554,0.5977142857142856
0.01381818181818184,0.021714285714285575,0.8182857142857145,0.04053333333333331,0.8869333333333334,0.06755555555555537,0.8115555555555556,0.021714285714285575
0.9354181818181817,0.7462857142857142,0.040000000000000036,0.8816000000000002,0.04479999999999951,0.9013333333333335,0.0,0.7462857142857142
0.7781818181818181,0.577142857142857,0.4314285714285715,0.7066666666666666,0.46933333333333316,0.8355555555555552,0.11555555555555555,0.5771428571428572
0.8785454545454543,0.6822857142857142,0.484,0.8293333333333335,0.5183999999999997,0.8764444444444441,0.19733333333333333,0.6822857142857142
0.2901818181818181,0.2925714285714285,0.5068571428571431,0.40640000000000004,0.5397333333333334,0.5662222222222222,0.23822222222222222,0.2925714285714285
0.2843636363636364,0.29028571428571426,0.5045714285714276,0.4042666666666667,0.5375999999999994,0.5626666666666664,0.2328888888888889,0.29028571428571404
0.2043636363636363,0.23199999999999998,0.7320000000000002,0.3498666666666666,0.7914666666666665,0.5137777777777779,0.6942222222222222,0.23199999999999976
0.522909090909091,0.3840000000000001,0.5982857142857148,0.4917333333333333,0.6250666666666671,0.7084444444444444,0.45155555555555554,0.3839999999999999
0.043636363636363584,0.06857142857142873,0.8885714285714279,0.128,0.9306666666666663,0.21333333333333315,0.8844444444444444,0.0685714285714285
0.8763636363636365,0.6799999999999999,0.4828571428571431,0.8266666666666667,0.5173333333333332,0.8755555555555556,0.19555555555555554,0.6799999999999999
0.04581818181818187,0.07199999999999984,0.8937142857142852,0.13440000000000002,0.933866666666666,0.22399999999999998,0.8897777777777777,0.07200000000000006
0.0850909090909091,0.13371428571428567,0.9862857142857147,0.2496,0.9914666666666667,0.4159999999999999,0.9857777777777778,0.13371428571428567
0.9499636363636363,0.8034285714285714,0.11142857142857121,0.9082666666666666,0.12479999999999958,0.9235555555555557,0.0,0.8034285714285716
0.22763636363636364,0.25028571428571444,0.7502857142857149,0.3669333333333333,0.8170666666666664,0.528,0.7226666666666666,0.2502857142857142
0.1447272727272727,0.18514285714285705,0.685142857142857,0.3061333333333333,0.7258666666666667,0.4773333333333334,0.6213333333333333,0.18514285714285705
0.9546181818181818,0.8217142857142858,0.13428571428571345,0.9168000000000001,0.15039999999999942,0.9306666666666663,0.0,0.8217142857142858
0.5985454545454545,0.4137142857142857,0.6280000000000001,0.5194666666666667,0.6528,0.7546666666666666,0.5208888888888888,0.4137142857142857
0.008000000000000007,0.012571428571428456,0.8045714285714283,0.02346666666666669,0.8784000000000001,0.039111111111110874,0.7973333333333333,0.012571428571428456
0.4647272727272729,0.3611428571428572,0.5754285714285707,0.4704,0.6037333333333326,0.6728888888888886,0.3982222222222222,0.361142857142857
0.765090909090909,0.5634285714285716,0.4245714285714284,0.6906666666666665,0.462933333333333,0.830222222222222,0.10488888888888888,0.5634285714285714
0.738909090909091,0.536,0.41085714285714214,0.6586666666666667,0.4501333333333326,0.8195555555555556,0.08355555555555555,0.536
0.1781818181818181,0.21142857142857152,0.7114285714285709,0.3306666666666667,0.7626666666666662,0.4977777777777779,0.6622222222222222,0.2114285714285713
0.2989090909090908,0.2959999999999998,0.5102857142857147,0.4096,0.5429333333333339,0.5715555555555554,0.24622222222222223,0.2959999999999998
0.17672727272727273,0.2102857142857142,0.710285714285714,0.32960000000000006,0.7610666666666663,0.4968888888888887,0.6604444444444444,0.2102857142857142
0.18254545454545457,0.21485714285714286,0.7148571428571424,0.3338666666666666,0.7674666666666665,0.5004444444444442,0.6675555555555556,0.21485714285714286
0.8480000000000001,0.6502857142857141,0.46799999999999997,0.792,0.5034666666666672,0.8639999999999999,0.17244444444444443,0.6502857142857141
0.004363636363636458,0.006857142857142895,0.7960000000000003,0.012800000000000034,0.8730666666666664,0.021333333333333204,0.7884444444444444,0.006857142857142895
0.08145454545454545,0.1280000000000001,0.9777142857142858,0.23893333333333328,0.9861333333333331,0.39822222222222226,0.9768888888888888,0.1279999999999999
0.1025454545454546,0.1519999999999999,0.6520000000000001,0.27520000000000006,0.6794666666666664,0.45155555555555527,0.5697777777777777,0.1519999999999999
0.0058181818181818334,0.00914285714285712,0.7994285714285709,0.017066666666666674,0.8751999999999995,0.028444444444444272,0.7919999999999999,0.00914285714285712
0.2727272727272727,0.2857142857142856,0.5,0.39999999999999997,0.5333333333333332,0.5555555555555556,0.2222222222222222,0.2857142857142856
0.9819636363636361,0.9291428571428568,0.2685714285714287,0.9669333333333334,0.30079999999999973,0.9724444444444447,0.0,0.929142857142857
0.05527272727272725,0.08685714285714297,0.9159999999999995,0.16213333333333335,0.9477333333333329,0.27022222222222214,0.9128888888888887,0.08685714285714274
0.18981818181818189,0.22057142857142864,0.7205714285714278,0.3391999999999999,0.7754666666666665,0.5048888888888887,0.6764444444444444,0.22057142857142842
0.7541818181818183,0.552,0.41885714285714304,0.6773333333333333,0.45760000000000023,0.8257777777777777,0.09599999999999999,0.5519999999999996
0.7563636363636363,0.5542857142857143,0.41999999999999993,0.6799999999999999,0.4586666666666659,0.8266666666666667,0.09777777777777777,0.5542857142857143
0.8021818181818183,0.6022857142857141,0.44399999999999906,0.736,0.4810666666666661,0.8453333333333335,0.1351111111111111,0.6022857142857141
0.8981818181818182,0.7028571428571428,0.49428571428571466,0.8533333333333335,0.5279999999999996,0.8844444444444441,0.21333333333333332,0.7028571428571426
0.9505454545454546,0.8057142857142858,0.11428571428571388,0.9093333333333333,0.1280000000000001,0.9244444444444442,0.0,0.8057142857142858
0.8807272727272726,0.6845714285714286,0.4851428571428569,0.8320000000000001,0.5194666666666663,0.8773333333333335,0.1991111111111111,0.6845714285714284
0.9325090909090907,0.7348571428571429,0.0257142857142858,0.8762666666666665,0.02880000000000038,0.8968888888888888,0.0,0.7348571428571427
0.08727272727272728,0.13714285714285723,0.9914285714285711,0.25599999999999995,0.9946666666666664,0.42666666666666675,0.991111111111111,0.137142857142857
0.22036363636363632,0.24457142857142844,0.7445714285714287,0.3616,0.8090666666666664,0.5235555555555556,0.7137777777777777,0.24457142857142866
0.029818181818181855,0.04685714285714271,0.8559999999999999,0.08746666666666669,0.9104000000000001,0.14577777777777778,0.8506666666666666,0.04685714285714271
0.032727272727272716,0.05142857142857138,0.862857142857143,0.09600000000000003,0.9146666666666663,0.15999999999999992,0.8577777777777778,0.05142857142857138
0.25090909090909097,0.2685714285714287,0.7685714285714287,0.38399999999999995,0.8426666666666662,0.5422222222222224,0.7511111111111111,0.26857142857142846
0.29600000000000004,0.29485714285714293,0.5091428571428569,0.40853333333333336,0.5418666666666665,0.5697777777777777,0.24355555555555555,0.2948571428571427
0.9662545454545455,0.8674285714285714,0.19142857142857217,0.9381333333333333,0.21439999999999948,0.9484444444444446,0.0,0.8674285714285712
0.03927272727272724,0.06171428571428583,0.878285714285715,0.11519999999999997,0.924266666666667,0.19199999999999995,0.8737777777777778,0.06171428571428561
0.9714909090909092,0.8879999999999999,0.21714285714285708,0.9477333333333335,0.24319999999999986,0.9564444444444447,0.0,0.8879999999999997
0.6516363636363638,0.4445714285714286,0.36514285714285677,0.552,0.4074666666666662,0.7839999999999998,0.012444444444444444,0.4445714285714286
0.4618181818181819,0.3599999999999999,0.5742857142857147,0.4693333333333333,0.6026666666666669,0.6711111111111112,0.39555555555555555,0.3599999999999999
0.49963636363636366,0.374857142857143,0.589142857142857,0.4831999999999999,0.6165333333333338,0.6942222222222219,0.4302222222222222,0.3748571428571428
0.8370909090909091,0.6388571428571428,0.46228571428571374,0.7786666666666666,0.49813333333333265,0.8595555555555556,0.16355555555555554,0.6388571428571426
0.6043636363636362,0.41600000000000015,0.6302857142857139,0.5216000000000001,0.6549333333333331,0.7582222222222224,0.5262222222222221,0.4159999999999999
0.7738181818181817,0.5725714285714285,0.4291428571428568,0.7013333333333334,0.46719999999999917,0.8337777777777777,0.11199999999999999,0.5725714285714287
0.016727272727272813,0.026285714285714246,0.8251428571428576,0.04906666666666665,0.8911999999999995,0.08177777777777773,0.8186666666666667,0.026285714285714246
0.23636363636363633,0.25714285714285734,0.7571428571428562,0.37333333333333335,0.8266666666666671,0.5333333333333332,0.7333333333333333,0.2571428571428571
0.2756363636363637,0.2868571428571427,0.5011428571428578,0.4010666666666666,0.5343999999999998,0.5573333333333332,0.2248888888888889,0.2868571428571427
0.5869090909090908,0.40914285714285725,0.6234285714285708,0.5151999999999999,0.648533333333333,0.7475555555555555,0.5102222222222221,0.4091428571428568
0.010181818181818292,0.016000000000000014,0.8097142857142856,0.029866666666666708,0.8815999999999997,0.0497777777777777,0.8026666666666666,0.016000000000000014
0.6159999999999999,0.4205714285714286,0.6348571428571432,0.5258666666666667,0.6592000000000002,0.7653333333333334,0.5368888888888889,0.4205714285714284
0.9796363636363634,0.9199999999999999,0.25714285714285623,0.9626666666666668,0.28799999999999937,0.9688888888888889,0.0,0.9200000000000002
0.45599999999999996,0.35771428571428565,0.5719999999999992,0.4671999999999999,0.6005333333333329,0.6675555555555555,0.3902222222222222,0.35771428571428565
0.2232727272727273,0.24685714285714289,0.7468571428571433,0.3637333333333333,0.812266666666666,0.5253333333333332,0.7173333333333334,0.24685714285714289
0.04218181818181821,0.06628571428571428,0.8851428571428563,0.1237333333333333,0.9285333333333332,0.20622222222222208,0.8808888888888888,0.06628571428571428
0.13163636363636366,0.17485714285714282,0.6748571428571424,0.29653333333333337,0.7114666666666665,0.4693333333333334,0.6053333333333334,0.1748571428571426
0.9895272727272728,0.9588571428571426,0.30571428571428605,0.9808000000000001,0.3423999999999996,0.984,0.0,0.9588571428571429
0.8567272727272728,0.6594285714285713,0.4725714285714284,0.8026666666666666,0.5077333333333334,0.8675555555555556,0.17955555555555555,0.6594285714285715
0.8349090909090908,0.6365714285714286,0.46114285714285685,0.776,0.497066666666667,0.8586666666666667,0.16177777777777777,0.6365714285714283
0.4327272727272726,0.34857142857142853,0.5628571428571423,0.4586666666666667,0.5919999999999996,0.6533333333333333,0.3688888888888889,0.34857142857142853
0.6363636363636365,0.4285714285714286,0.35714285714285676,0.5333333333333334,0.39999999999999947,0.7777777777777777,0.0,0.4285714285714284
0.41527272727272724,0.34171428571428564,0.556,0.45226666666666676,0.5856000000000003,0.6426666666666667,0.35288888888888886,0.34171428571428564
0.12,0.1657142857142857,0.6657142857142855,0.288,0.698666666666667,0.4622222222222221,0.5911111111111111,0.16571428571428548
0.9924363636363636,0.9702857142857142,0.3200000000000003,0.9861333333333335,0.3584000000000005,0.9884444444444447,0.0,0.970285714285714
0.9453090909090909,0.7851428571428571,0.08857142857142808,0.8997333333333333,0.09919999999999973,0.9164444444444442,0.0,0.7851428571428574
0.8741818181818182,0.6777142857142857,0.4817142857142853,0.8240000000000001,0.5162666666666667,0.8746666666666667,0.19377777777777777,0.6777142857142857
0.8414545454545455,0.6434285714285712,0.4645714285714284,0.784,0.5002666666666666,0.8613333333333335,0.1671111111111111,0.643428571428571
0.8239999999999998,0.625142857142857,0.4554285714285715,0.7626666666666666,0.49173333333333336,0.854222222222222,0.15288888888888888,0.6251428571428568
0.3163636363636364,0.3028571428571427,0.5171428571428569,0.416,0.5493333333333332,0.5822222222222222,0.2622222222222222,0.3028571428571427
0.5927272727272725,0.4114285714285715,0.6257142857142863,0.5173333333333334,0.650666666666667,0.7511111111111108,0.5155555555555555,0.4114285714285715
0.9307636363636362,0.728,0.017142857142856904,0.8730666666666667,0.019199999999999662,0.894222222222222,0.0,0.728
0.31345454545454543,0.3017142857142856,0.516,0.4149333333333333,0.5482666666666667,0.5804444444444445,0.25955555555555554,0.3017142857142856
0.9790545454545454,0.9177142857142857,0.25428571428571445,0.9616,0.2848000000000006,0.968,0.0,0.9177142857142859
0.5054545454545454,0.3771428571428572,0.5914285714285716,0.48533333333333334,0.6186666666666669,0.697777777777778,0.43555555555555553,0.3771428571428572
0.0007272727272726875,0.0011428571428571122,0.7874285714285714,0.0021333333333333204,0.8677333333333337,0.003555555555555312,0.7795555555555556,0.0011428571428571122
